{"pc_minimap":{"#Node#Image_mapFlag":{"width":28,"height":17,"visible":1,"offsetx":0,"offsety":0}},"mobile_guild_frame":{},"pc_player":{"#Scene#Panel_1#Panel_btnList#Button_3":{"width":24,"height":55,"visible":1,"offsetx":0,"offsety":9},"#Scene#Panel_1#Panel_btnList#Button_4":{"width":24,"height":55,"visible":1,"offsetx":0,"offsety":15},"#Scene#Panel_1#Panel_btnList#Button_3#Text_name":{"width":14,"height":36,"visible":1,"offsetx":0,"offsety":-10},"#Scene#Panel_1#Panel_btnList#Button_4#Text_name":{"width":14,"height":36,"visible":1,"offsetx":0,"offsety":-11},"#Scene#Panel_1#Panel_btnList#Button_2":{"width":24,"height":55,"visible":1,"offsetx":0,"offsety":3},"#Scene#Panel_1#Panel_btnList#Button_2#Text_name":{"width":14,"height":36,"visible":1,"offsetx":0,"offsety":-10},"#Scene#Panel_1#Panel_btnList_left#Button_20#Text_name":{"width":14,"height":36,"visible":1,"offsetx":7,"offsety":0},"#Scene#Panel_1#Panel_btnList_left#Button_20":{"width":24,"height":67,"visible":0,"offsetx":3,"offsety":0},"#Scene#Panel_1#Panel_btnList#Button_6#Text_name":{"width":14,"height":36,"visible":1,"offsetx":0,"offsety":-10},"#Scene#Panel_1#ButtonClose":{"width":20,"nimg":"res\/public\/1900000512.png","pimg":"res\/public\/1900000513.png","dimg":"Default\/Button_Disable.png","offsetx":-7,"offsety":36,"text":"","visible":1,"height":27},"#Scene#Panel_1#Node_panel":{"width":0,"height":0,"visible":1,"offsetx":3,"offsety":0},"#Scene#Panel_1#Panel_btnList#Button_1":{"width":24,"height":55,"visible":1,"offsetx":1,"offsety":1},"#Scene#Panel_1#Panel_btnList":{"width":24,"height":340,"visible":1,"offsetx":-9,"offsety":6},"#Scene#Panel_1#Panel_btnList#Button_6":{"width":24,"height":55,"visible":1,"offsetx":0,"offsety":21},"#Scene#Panel_1#Panel_btnList#Button_1#Text_name":{"width":14,"height":36,"visible":1,"offsetx":0,"offsety":-11},"#Scene#Panel_1#Panel_btnList#Button_11":{"width":24,"height":55,"visible":1,"offsetx":0,"offsety":26},"#Scene#Panel_1#Panel_btnList#Button_11#Text_name":{"width":14,"height":36,"visible":1,"offsetx":0,"offsety":-10},"#Scene#Panel_1#Text_Name":{"width":36,"height":22,"visible":1,"offsetx":0,"offsety":7},"#Scene#Panel_1#Image_bg":{"width":305,"height":427,"visible":1,"offsetx":3,"offsety":-4}},"mobile_store_frame":{"#FrameLayout#page_cell_4":{"width":33,"height":91,"visible":0,"offsetx":0,"offsety":0},"#FrameLayout#page_cell_3":{"width":33,"height":91,"visible":0,"offsetx":0,"offsety":0},"#FrameLayout":{"width":790,"height":536,"visible":1,"offsetx":0,"offsety":0},"#FrameLayout#page_cell_2":{"width":33,"height":91,"visible":1,"offsetx":0,"offsety":-17},"#FrameLayout#page_cell_5#PageText":{"width":16,"height":42,"visible":1,"offsetx":0,"offsety":0},"#FrameLayout#page_cell_5":{"width":33,"height":91,"visible":1,"offsetx":0,"offsety":117}},"mobile_setting_frame":{},"mobile_skill":{"#Button_pick":{"width":59,"height":59,"visible":0,"offsetx":-23,"offsety":65}},"mobile_summons":{},"mobile_dig":{},"pc_player_equip":{"#Node#Panel_1#Panel_pos14#Image_icon":{"width":35,"height":36,"visible":1,"offsetx":0,"offsety":-1},"#Node#Panel_1#Node_9":{"width":0,"height":0,"visible":1,"offsetx":-1,"offsety":-12},"#Node#Panel_1#Panel_pos1":{"width":60,"height":120,"visible":1,"offsetx":0,"offsety":-5},"#Node#Panel_1#Panel_pos12#Image_icon":{"width":35,"height":36,"visible":1,"offsetx":-1,"offsety":0},"#Node#Panel_1#Node_5":{"width":0,"height":0,"visible":1,"offsetx":0,"offsety":-3},"#Node#Panel_1#Node_8":{"width":0,"height":0,"visible":1,"offsetx":0,"offsety":-9},"#Node#Panel_1#Node_3":{"width":0,"height":0,"visible":1,"offsetx":-2,"offsety":4},"#Node#Panel_1#Node_4":{"width":0,"height":0,"visible":1,"offsetx":109,"offsety":53},"#Node#Panel_1#Panel_pos0":{"width":80,"height":144,"visible":1,"offsetx":0,"offsety":7},"#Node#Panel_1#Image_equippanel":{"width":272,"height":349,"visible":0,"offsetx":0,"offsety":-1},"#Node#Panel_1#Panel_pos10#Image_icon":{"width":35,"height":36,"visible":1,"offsetx":-1,"offsety":-6},"#Node#Panel_1#Panel_pos5#Image_icon":{"width":47,"height":47,"visible":1,"offsetx":0,"offsety":0},"#Node#Panel_1#Panel_pos11#Image_icon":{"width":35,"height":36,"visible":1,"offsetx":0,"offsety":-12},"#Node#Panel_1#Best_ringBox#Image_box":{"width":50,"height":48,"visible":1,"offsetx":2,"offsety":-2},"#Node#Panel_1#Panel_pos9#Image_icon":{"width":35,"height":36,"visible":1,"offsetx":3,"offsety":-3},"#Node#Panel_1#Node_12":{"width":0,"height":0,"visible":1,"offsetx":-1,"offsety":-13},"#Node#Panel_1#Panel_pos12#Image_bg":{"width":44,"height":44,"visible":1,"offsetx":0,"offsety":0},"#Node#Panel_1#Node_55":{"width":0,"height":0,"visible":1,"offsetx":-1,"offsety":-5},"#Node#Panel_1#Panel_pos13":{"width":42,"height":42,"visible":1,"offsetx":-113,"offsety":-47},"#Node#Panel_1#Panel_pos8#Image_icon":{"width":50,"height":49,"visible":1,"offsetx":0,"offsety":-7},"#Node#Panel_1#Best_ringBox":{"width":46,"height":36,"visible":1,"offsetx":-1,"offsety":56},"#Node#Panel_1#Panel_pos12":{"width":42,"height":42,"visible":1,"offsetx":-2,"offsety":-12},"#Node#Panel_1#Panel_pos6#Image_bg":{"width":44,"height":44,"visible":1,"offsetx":-2,"offsety":-8},"#Node#Panel_1#Node_2":{"width":0,"height":0,"visible":1,"offsetx":-1,"offsety":-1},"#Node#Panel_1#Panel_pos15":{"width":42,"height":42,"visible":1,"offsetx":0,"offsety":-10},"#Node#Panel_1#Panel_pos13#Image_icon":{"width":46,"height":46,"visible":0,"offsetx":-1,"offsety":-1},"#Node#Panel_1#Panel_pos8#Image_bg":{"width":44,"height":44,"visible":1,"offsetx":0,"offsety":0},"#Node#Panel_1#Panel_pos3#Image_icon":{"width":46,"height":45,"visible":1,"offsetx":-1,"offsety":5},"#Node#Panel_1#Panel_pos2":{"width":42,"height":42,"visible":1,"offsetx":0,"offsety":-2},"#Node#Panel_1#Panel_pos10":{"width":42,"height":42,"visible":1,"offsetx":1,"offsety":-5},"#Node#Panel_1#Panel_pos15#Image_icon":{"width":35,"height":36,"visible":1,"offsetx":0,"offsety":-2},"#Node#Panel_1#Panel_pos5":{"width":42,"height":42,"visible":1,"offsetx":0,"offsety":-3},"#Node#Panel_1#Node_7":{"width":0,"height":0,"visible":1,"offsetx":0,"offsety":-8},"#Node#Panel_1#Panel_pos2#Image_icon":{"width":47,"height":47,"visible":1,"offsetx":0,"offsety":0},"#Node#Panel_1#Panel_pos4#Image_icon":{"width":46,"height":46,"visible":0,"offsetx":0,"offsety":0},"#Node#Panel_1#Panel_pos3":{"width":42,"height":42,"visible":1,"offsetx":0,"offsety":0},"#Node#Panel_1#Panel_pos2#Image_bg":{"width":44,"height":44,"visible":1,"offsetx":-2,"offsety":3},"#Node#Panel_1#Node_6":{"width":0,"height":0,"visible":1,"offsetx":0,"offsety":-8},"#Node#Panel_1#Panel_pos11":{"width":42,"height":42,"visible":1,"offsetx":0,"offsety":-2},"#Node#Panel_1#Panel_pos6#Image_icon":{"width":47,"height":47,"visible":1,"offsetx":-1,"offsety":-7},"#Node#Panel_1#Panel_pos6":{"width":42,"height":42,"visible":1,"offsetx":2,"offsety":1},"#Node#Panel_1#Panel_pos10#Image_bg":{"width":44,"height":44,"visible":1,"offsetx":-3,"offsety":-8},"#Node#Panel_1#Panel_pos7":{"width":42,"height":42,"visible":1,"offsetx":0,"offsety":-7},"#Node#Panel_1#Panel_pos13#Image_bg":{"width":44,"height":44,"visible":1,"offsetx":-1,"offsety":0},"#Node#Panel_1#Node_11":{"width":0,"height":0,"visible":1,"offsetx":0,"offsety":-13},"#Node#Panel_1#Node_10":{"width":0,"height":0,"visible":1,"offsetx":-1,"offsety":-13},"#Node#Panel_1#Node_15":{"width":0,"height":0,"visible":1,"offsetx":-1,"offsety":-12},"#Node#Panel_1#Panel_pos9#Image_bg":{"width":44,"height":44,"visible":1,"offsetx":0,"offsety":-2},"#Node#Panel_1#Node_14":{"width":0,"height":0,"visible":1,"offsetx":-1,"offsety":-11},"#Node#Panel_1#Panel_pos8":{"width":42,"height":42,"visible":1,"offsetx":0,"offsety":-8},"#Node#Panel_1#Panel_pos7#Image_icon":{"width":50,"height":49,"visible":1,"offsetx":0,"offsety":-1},"#Node#Panel_1#Panel_pos9":{"width":42,"height":42,"visible":1,"offsetx":-1,"offsety":-11},"#Node#Panel_1#Panel_pos11#Image_bg":{"width":44,"height":44,"visible":1,"offsetx":-1,"offsety":-10},"#Node#Panel_1#Panel_pos16":{"width":43,"height":71.599998474121,"visible":1,"offsetx":1,"offsety":3},"#Node#Panel_1#Panel_pos5#Image_bg":{"width":44,"height":44,"visible":1,"offsetx":-2,"offsety":-1},"#Node#Panel_1#Panel_pos7#Image_bg":{"width":44,"height":44,"visible":1,"offsetx":-2,"offsety":-3},"#Node#Panel_1#Node_playerModel":{"width":0,"height":0,"visible":1,"offsetx":0,"offsety":19},"#Node#Panel_1#Panel_pos3#Image_bg":{"width":44,"height":44,"visible":1,"offsetx":-3,"offsety":6},"#Node#Panel_1#Panel_pos55":{"width":42,"height":42,"visible":1,"offsetx":-1,"offsety":-2},"#Node#Panel_1#Node_13":{"width":0,"height":0,"visible":1,"offsetx":-114,"offsety":-49},"#Node#Panel_1#Panel_pos4":{"width":42,"height":42,"visible":1,"offsetx":110,"offsety":54},"#Node#Panel_1#Panel_pos4#Image_bg":{"width":44,"height":44,"visible":1,"offsetx":-3,"offsety":-2},"#Node#Panel_1#Panel_pos15#Image_bg":{"width":44,"height":44,"visible":1,"offsetx":-2,"offsety":-2},"#Node#Panel_1#Panel_pos14":{"width":42,"height":42,"visible":1,"offsetx":-3,"offsety":-11},"#Node#Panel_1#Panel_pos14#Image_bg":{"width":44,"height":44,"visible":1,"offsetx":2,"offsety":-2},"#Node#Panel_1#Text_guildinfo":{"width":4,"height":22,"visible":1,"offsetx":78,"offsety":15}},"pc_best_ring":{"#Scene#Panel_1#Panel_items#Image_38":{"width":47,"height":48,"visible":0,"offsetx":0,"offsety":0},"#Scene#Panel_1#Panel_items#Image_tag30":{"width":82,"height":86,"visible":1,"offsetx":-20,"offsety":63},"#Scene#Panel_1#Panel_items#Image_tag32":{"width":82,"height":86,"visible":0,"offsetx":0,"offsety":66},"#Scene#Panel_1#Panel_items#Image_30":{"width":47,"height":48,"visible":0,"offsetx":0,"offsety":0},"#Scene#Panel_1#Panel_items#Node_36":{"width":0,"height":0,"visible":1,"offsetx":6,"offsety":47},"#Scene#Panel_1#Panel_items#Node_33":{"width":0,"height":0,"visible":1,"offsetx":18,"offsety":66},"#Scene#Panel_1#Panel_items#Image_31":{"width":47,"height":48,"visible":0,"offsetx":0,"offsety":1},"#Scene#Panel_1#Panel_items#Node_38":{"width":0,"height":0,"visible":1,"offsetx":-18,"offsety":27},"#Scene#Panel_1#Panel_items#Node_39":{"width":0,"height":0,"visible":1,"offsetx":-6,"offsety":26},"#Scene#Panel_1#Button_close":{"width":20,"height":32,"visible":1,"offsetx":15,"offsety":74},"#Scene#Panel_1#Panel_items#Node_32":{"width":0,"height":0,"visible":1,"offsetx":7,"offsety":67},"#Scene#Panel_1#Panel_items#Image_33":{"width":47,"height":48,"visible":0,"offsetx":0,"offsety":0},"#Scene#Panel_1#Panel_items#Node_30":{"width":0,"height":0,"visible":1,"offsetx":-16,"offsety":66},"#Scene#Panel_1#Image_2":{"width":84,"height":25,"visible":1,"offsetx":-3,"offsety":91},"#Scene#Panel_1#Panel_items#Image_39":{"width":47,"height":48,"visible":0,"offsetx":0,"offsety":0},"#Scene#Panel_1#Panel_items#Node_40":{"width":0,"height":0,"visible":1,"offsetx":7,"offsety":26},"#Scene#Panel_1#Panel_items#Image_tag34":{"width":82,"height":86,"visible":0,"offsetx":0,"offsety":0},"#Scene#Panel_1#Panel_items#Image_tag38":{"width":82,"height":86,"visible":1,"offsetx":0,"offsety":0},"#Scene#Panel_1#Panel_items#Image_tag41":{"width":82,"height":86,"visible":1,"offsetx":0,"offsety":0},"#Scene#Panel_1#Image_1":{"width":350,"height":376,"visible":1,"offsetx":0,"offsety":11},"#Scene#Panel_1#Panel_items#Image_tag40":{"width":82,"height":86,"visible":1,"offsetx":0,"offsety":0},"#Scene#Panel_1#Panel_items#Image_tag35":{"width":82,"height":86,"visible":0,"offsetx":0,"offsety":0},"#Scene#Panel_1#Panel_items#Image_tag37":{"width":82,"height":86,"visible":1,"offsetx":0,"offsety":0},"#Scene#Panel_1#Panel_touch":{"width":250,"height":230,"visible":1,"offsetx":-12,"offsety":90},"#Scene#Panel_1#Panel_items#Image_tag39":{"width":82,"height":86,"visible":1,"offsetx":0,"offsety":0},"#Scene#Panel_1#Panel_items#Node_37":{"width":0,"height":0,"visible":1,"offsetx":18,"offsety":47},"#Scene#Panel_1#Image_3":{"width":238,"height":11,"visible":1,"offsetx":2,"offsety":94},"#Scene#Panel_1#Panel_items#Image_36":{"width":47,"height":48,"visible":0,"offsetx":0,"offsety":0},"#Scene#Panel_1#Panel_items#Node_35":{"width":0,"height":0,"visible":1,"offsetx":-5,"offsety":47},"#Scene#Panel_1#Panel_items#Image_32":{"width":47,"height":48,"visible":0,"offsetx":0,"offsety":0},"#Scene#Panel_1#Panel_items#Node_41":{"width":0,"height":0,"visible":1,"offsetx":19,"offsety":26},"#Scene#Panel_1#Panel_items#Image_35":{"width":47,"height":48,"visible":0,"offsetx":0,"offsety":0},"#Scene#Panel_1#Panel_items#Image_34":{"width":47,"height":48,"visible":0,"offsetx":0,"offsety":0},"#Scene#Panel_1#Panel_items#Image_37":{"width":47,"height":48,"visible":0,"offsetx":0,"offsety":0},"#Scene#Panel_1#Panel_items#Image_40":{"width":47,"height":48,"visible":0,"offsetx":0,"offsety":0},"#Scene#Panel_1#Panel_items#Node_31":{"width":0,"height":0,"visible":1,"offsetx":-5,"offsety":67},"#Scene#Panel_1#Panel_items#Image_tag31":{"width":82,"height":86,"visible":1,"offsetx":0,"offsety":67},"#Scene#Panel_1#Panel_items#Node_34":{"width":0,"height":0,"visible":1,"offsetx":-17,"offsety":45},"#Scene#Panel_1#Panel_items#Image_41":{"width":47,"height":48,"visible":0,"offsetx":0,"offsety":0}},"mobile_main_top":{},"pc_player_skill":{"#Node#Panel_1#Image_bg":{"width":272,"height":360,"visible":1,"offsetx":-3,"offsety":5},"#Node#Panel_1#ListView_cells":{"width":272,"height":349,"visible":1,"offsetx":-7,"offsety":14}},"pc_player_title":{"#Node#Panel_1#Image_cur#Image_11#Text_curTitle":{"width":0,"height":0,"visible":1,"offsetx":11,"offsety":1},"#Node#Panel_1#Image_cur":{"width":35,"height":35,"visible":1,"offsetx":0,"offsety":-18},"#Node#Panel_1#Image_cur#Image_11":{"width":142,"height":31,"visible":1,"offsetx":0,"offsety":-1},"#Node#Panel_1#Image_cur#Button_curTitle":{"width":40,"height":40,"visible":1,"offsetx":0,"offsety":0},"#Node#Panel_1#ListView_cells":{"width":272,"height":260,"visible":1,"offsetx":0,"offsety":0},"#Node#Panel_1#Image_1":{"width":272,"height":349,"visible":0,"offsetx":0,"offsety":-1},"#Node#Panel_1#Image_12":{"width":211,"height":21,"visible":1,"offsetx":13,"offsety":62}},"mobile_target":{},"mobile_property":{"#Panel_bg#Panel_hp#LoadingBar_fhp":{"width":90,"height":90,"visible":0,"offsetx":1,"offsety":0},"#Panel_mini_chat":{"width":316,"height":108,"visible":1,"offsetx":-69,"offsety":0},"#Panel_mini_chat#ListView_chat_ex":{"width":310,"height":17,"visible":1,"offsetx":0,"offsety":0},"#Panel_bg#Image_14":{"width":95,"height":16,"visible":1,"offsetx":0,"offsety":0},"#Panel_bg#Panel_hp#Image_divide":{"width":3,"height":92,"visible":1,"offsetx":0,"offsety":0},"#Panel_quick_use#Panel_quick_use_3":{"width":50,"height":50,"visible":1,"offsetx":-79,"offsety":-1},"#Button_chat_hide":{"width":22,"height":26,"visible":0,"offsetx":-65,"offsety":-11},"#Panel_bg#Image_14_0":{"width":95,"height":16,"visible":1,"offsetx":-1,"offsety":0},"#Panel_bg#btn_rein_add":{"width":23,"height":23,"visible":0,"offsetx":0,"offsety":0},"#Panel_quick_use#Panel_quick_use_6":{"width":50,"height":50,"visible":1,"offsetx":-72,"offsety":-1},"#Panel_bubble_tips":{"width":150,"height":50,"visible":1,"offsetx":-50,"offsety":0},"#Panel_quick_use#Panel_quick_use_4":{"width":50,"height":50,"visible":1,"offsetx":-77,"offsety":-1},"#Panel_bg#Image_14_0_0":{"width":95,"height":16,"visible":1,"offsetx":0,"offsety":0},"#Panel_quick_use#Panel_quick_use_1":{"width":50,"height":50,"visible":1,"offsetx":-81,"offsety":-1},"#Panel_bg#Image_battery":{"width":49,"height":23,"visible":1,"offsetx":0,"offsety":0},"#Panel_bg#Image_net":{"width":27,"height":24,"visible":1,"offsetx":0,"offsety":0},"#Panel_bg#Text_mp":{"width":114,"height":20,"visible":1,"offsetx":0,"offsety":0},"#Panel_bg#Panel_hp#LoadingBar_mp":{"width":92,"height":45,"visible":1,"offsetx":0,"offsety":0},"#Panel_bg#Text_hp":{"width":96,"height":19,"visible":1,"offsetx":0,"offsety":0},"#Panel_mini_chat#Image_minichat_bg":{"width":316,"height":108,"visible":1,"offsetx":0,"offsety":0},"#Panel_bg#Panel_hp":{"width":100,"height":100,"visible":1,"offsetx":-52,"offsety":-14},"#Panel_bg#Image_17_0":{"width":37,"height":21,"visible":1,"offsetx":0,"offsety":0},"#Panel_quick_use#Panel_quick_use_5":{"width":50,"height":50,"visible":1,"offsetx":-74,"offsety":-1},"#Panel_bg#Image_17":{"width":37,"height":21,"visible":1,"offsetx":0,"offsety":0},"#Panel_bg#Image_4":{"width":185,"height":158,"visible":1,"offsetx":-47,"offsety":0},"#Panel_bg#LoadingBar_battery":{"width":39,"height":15,"visible":1,"offsetx":0,"offsety":0},"#Panel_quick_use#Panel_quick_use_2":{"width":50,"height":50,"visible":1,"offsetx":-81,"offsety":-1},"#Panel_bg#Text_FPS":{"width":51,"height":19,"visible":1,"offsetx":0,"offsety":0},"#Panel_bg#Panel_hp#LoadingBar_hp":{"width":92,"height":45,"visible":1,"offsetx":-5,"offsety":0},"#Panel_bg#Text_level":{"width":78,"height":20,"visible":1,"offsetx":0,"offsety":0},"#Panel_mini_chat#ListView_minichat":{"width":310,"height":91,"visible":1,"offsetx":0,"offsety":0},"#Panel_mini_chat#Panel_mini_chat_touch":{"width":316,"height":108,"visible":1,"offsetx":0,"offsety":0},"#Panel_auto_tips":{"width":316,"height":60,"visible":1,"offsetx":-73,"offsety":0}},"pc_npc_storage":{"#Scene#Panel_1#Button_page2":{"width":24,"height":50,"visible":1,"offsetx":2,"offsety":2},"#Scene#Panel_1#Button_page4#PageText":{"width":13,"height":18,"visible":1,"offsetx":0,"offsety":-11},"#Scene#Panel_1#Button_page3":{"width":24,"height":50,"visible":1,"offsetx":1,"offsety":5},"#Scene#Panel_1#Button_page3#PageText":{"width":13,"height":18,"visible":1,"offsetx":0,"offsety":-10},"#Scene#Panel_1#Button_page5":{"width":24,"height":50,"visible":1,"offsetx":3,"offsety":11},"#Scene#Panel_1#Button_page1":{"width":24,"height":50,"visible":1,"offsetx":2,"offsety":-1},"#Scene#Panel_1#Button_page2#PageText":{"width":13,"height":18,"visible":1,"offsetx":0,"offsety":-15},"#Scene#Panel_1#Button_page1#PageText":{"width":13,"height":18,"visible":1,"offsetx":0,"offsety":-15},"#Scene#Panel_1#Button_page4":{"width":24,"height":50,"visible":1,"offsetx":2,"offsety":10},"#Scene#Panel_1#Button_page5#PageText":{"width":13,"height":18,"visible":1,"offsetx":0,"offsety":-12}},"pc_map":{},"mobile_player":{"#Scene#Panel_1#Panel_btnList#Button_3":{"width":33,"height":60,"visible":1,"offsetx":0,"offsety":37},"#Scene#Panel_1#Panel_btnList#Button_4":{"width":33,"height":60,"visible":1,"offsetx":0,"offsety":48},"#Scene#Panel_1#Panel_btnList#Button_3#Text_name":{"width":16,"height":42,"visible":1,"offsetx":0,"offsety":-20},"#Scene#Panel_1#Panel_btnList#Button_4#Text_name":{"width":16,"height":42,"visible":1,"offsetx":0,"offsety":-23},"#Scene#Panel_1#Panel_btnList#Button_2":{"width":33,"height":60,"visible":1,"offsetx":0,"offsety":27},"#Scene#Panel_1#Panel_btnList#Button_2#Text_name":{"width":16,"height":42,"visible":1,"offsetx":0,"offsety":-22},"#Scene#Panel_1#Panel_btnList#Button_6#Text_name":{"width":16,"height":42,"visible":1,"offsetx":0,"offsety":-22},"#Scene#Panel_1#ButtonClose":{"width":35,"height":35,"visible":1,"offsetx":-13,"offsety":23},"#Scene#Panel_1#Node_panel":{"width":0,"height":0,"visible":1,"offsetx":-13,"offsety":-17},"#Scene#Panel_1#Panel_btnList#Button_1":{"width":33,"height":60,"visible":1,"offsetx":-1,"offsety":15},"#Scene#Panel_1#Panel_btnList":{"width":32,"height":454,"visible":1,"offsetx":-16,"offsety":20},"#Scene#Panel_1#Panel_btnList#Button_6":{"width":33,"height":60,"visible":1,"offsetx":0,"offsety":59},"#Scene#Panel_1#Panel_btnList#Button_1#Text_name":{"width":16,"height":42,"visible":1,"offsetx":0,"offsety":-21},"#Scene#Panel_1#Panel_btnList#Button_11":{"width":33,"height":60,"visible":1,"offsetx":0,"offsety":70},"#Scene#Panel_1#Panel_btnList#Button_11#Text_name":{"width":16,"height":42,"visible":1,"offsetx":0,"offsety":-21},"#Scene#Panel_1#Text_Name":{"width":72,"height":22,"visible":1,"offsetx":-2,"offsety":-23},"#Scene#Panel_1#Image_bg":{"width":377,"height":487,"visible":1,"offsetx":0,"offsety":2}},"pc_player_superEquip":{"#Node#Panel_1#Node_43":{"width":0,"height":0,"visible":1,"offsetx":173,"offsety":58},"#Node#Panel_1#Panel_pos43":{"width":42,"height":42,"visible":1,"offsetx":174,"offsety":58},"#Node#Panel_1#Panel_pos23":{"width":42,"height":42,"visible":0,"offsetx":0,"offsety":-37},"#Node#Panel_1#Panel_pos18":{"width":80,"height":120,"visible":1,"offsetx":0,"offsety":0},"#Node#Panel_1#Node_20":{"width":0,"height":0,"visible":1,"offsetx":-224,"offsety":-64},"#Node#Panel_1#Node_29":{"width":0,"height":0,"visible":1,"offsetx":39,"offsety":117},"#Node#Panel_1#Node_22":{"width":0,"height":0,"visible":0,"offsetx":-156,"offsety":-35},"#Node#Panel_1#Panel_pos28#Image_bg":{"width":52,"height":52,"visible":1,"offsetx":0,"offsety":0},"#Node#Panel_1#Panel_pos22":{"width":42,"height":42,"visible":0,"offsetx":-156,"offsety":-36},"#Node#Panel_1#Panel_pos27#Image_bg":{"width":52,"height":52,"visible":1,"offsetx":0,"offsety":0},"#Node#Panel_1#Panel_pos20#Image_bg":{"width":52,"height":52,"visible":1,"offsetx":0,"offsety":0},"#Node#Panel_1#Image_equippanel":{"width":272,"height":349,"visible":0,"offsetx":-3,"offsety":0},"#Node#Panel_1#Panel_pos24":{"width":42,"height":42,"visible":0,"offsetx":-84,"offsety":8},"#Node#Panel_1#Panel_pos26#Image_bg":{"width":52,"height":52,"visible":0,"offsetx":1,"offsety":0},"#Node#Panel_1#Panel_pos25#Image_icon":{"width":50,"height":49,"visible":0,"offsetx":0,"offsety":49},"#Node#Panel_1#Panel_pos25#Image_bg":{"width":52,"height":52,"visible":1,"offsetx":0,"offsety":0},"#Node#Panel_1#Panel_pos26#Image_icon":{"width":47,"height":47,"visible":0,"offsetx":0,"offsety":0},"#Node#Panel_1#Panel_pos29#Image_icon":{"width":36,"height":36,"visible":0,"offsetx":0,"offsety":0},"#Node#Panel_1#Node_26":{"width":0,"height":0,"visible":0,"offsetx":-10,"offsety":16},"#Node#Panel_1#Node_23":{"width":0,"height":0,"visible":0,"offsetx":-1,"offsety":-35},"#Node#Panel_1#Panel_pos29#Image_bg":{"width":52,"height":52,"visible":1,"offsetx":0,"offsety":0},"#Node#Panel_1#Panel_pos24#Image_icon":{"width":50,"height":49,"visible":0,"offsetx":0,"offsety":0},"#Node#Panel_1#Panel_pos42#Image_icon":{"width":35,"height":36,"visible":0,"offsetx":0,"offsety":1},"#Node#Panel_1#Panel_pos17":{"width":103,"height":144,"visible":1,"offsetx":0,"offsety":30},"#Node#Panel_1#Panel_pos43#Image_icon":{"width":36,"height":32,"visible":0,"offsetx":0,"offsety":0},"#Node#Panel_1#Panel_pos44":{"width":42,"height":42,"visible":1,"offsetx":2,"offsety":56},"#Node#Panel_1#Text_shizhuang":{"width":60,"height":16,"visible":1,"offsetx":6,"offsety":-20},"#Node#Panel_1#Panel_pos21":{"width":33,"height":30,"visible":1,"offsetx":-45,"offsety":-103},"#Node#Panel_1#Panel_pos42":{"width":42,"height":42,"visible":1,"offsetx":-109,"offsety":-6},"#Node#Panel_1#Node_42":{"width":0,"height":0,"visible":1,"offsetx":-110,"offsety":-6},"#Node#Panel_1#Node_24":{"width":0,"height":0,"visible":1,"offsetx":-4,"offsety":132},"#Node#Panel_1#Node_28":{"width":0,"height":0,"visible":1,"offsetx":84,"offsety":-5},"#Node#Panel_1#Panel_pos29":{"width":42,"height":42,"visible":1,"offsetx":39,"offsety":117},"#Node#Panel_1#Node_44":{"width":0,"height":0,"visible":1,"offsetx":1,"offsety":56},"#Node#Panel_1#Panel_pos44#Image_bg":{"width":52,"height":52,"visible":1,"offsetx":0,"offsety":0},"#Node#Panel_1#Node_25":{"width":0,"height":0,"visible":1,"offsetx":222,"offsety":167},"#Node#Panel_1#Panel_pos28":{"width":42,"height":42,"visible":1,"offsetx":84,"offsety":-6},"#Node#Panel_1#Panel_pos24#Image_bg":{"width":52,"height":52,"visible":1,"offsetx":0,"offsety":0},"#Node#Panel_1#Panel_pos25":{"width":42,"height":42,"visible":0,"offsetx":60,"offsety":-46},"#Node#Panel_1#Panel_pos27#Image_icon":{"width":35,"height":36,"visible":0,"offsetx":0,"offsety":0},"#Node#Panel_1#Panel_pos42#Image_bg":{"width":52,"height":52,"visible":1,"offsetx":0,"offsety":0},"#Node#Panel_1#Panel_pos43#Image_bg":{"width":52,"height":52,"visible":1,"offsetx":0,"offsety":0},"#Node#Panel_1#Panel_pos23#Image_bg":{"width":52,"height":52,"visible":1,"offsetx":0,"offsety":0},"#Node#Panel_1#Panel_pos22#Image_bg":{"width":52,"height":52,"visible":0,"offsetx":2,"offsety":0},"#Node#Panel_1#Panel_pos23#Image_icon":{"width":47,"height":47,"visible":0,"offsetx":0,"offsety":0},"#Node#Panel_1#Panel_pos45":{"width":43,"height":71,"visible":0,"offsetx":52,"offsety":104},"#Node#Panel_1#Panel_pos22#Image_icon":{"width":47,"height":47,"visible":0,"offsetx":3,"offsety":-1},"#Node#Panel_1#Node_playerModel":{"width":0,"height":0,"visible":1,"offsetx":0,"offsety":0},"#Node#Panel_1#Panel_pos27":{"width":42,"height":42,"visible":1,"offsetx":-89,"offsety":-5},"#Node#Panel_1#Panel_pos20":{"width":42,"height":42,"visible":1,"offsetx":-222,"offsety":-66},"#Node#Panel_1#Node_27":{"width":0,"height":0,"visible":1,"offsetx":-89,"offsety":-4},"#Node#Panel_1#Panel_pos28#Image_icon":{"width":35,"height":36,"visible":0,"offsetx":0,"offsety":0},"#Node#Panel_1#Panel_pos26":{"width":42,"height":42,"visible":0,"offsetx":-12,"offsety":16},"#Node#Panel_1#Panel_pos20#Image_icon":{"width":46,"height":45,"visible":0,"offsetx":0,"offsety":0},"#Node#Panel_1#CheckBox_shizhuang":{"width":29,"height":28,"visible":1,"offsetx":5,"offsety":-20},"#Node#Panel_1#Panel_pos44#Image_icon":{"width":35,"height":36,"visible":0,"offsetx":0,"offsety":0},"#Node#Panel_1#Text_guildinfo":{"width":0,"height":0,"visible":1,"offsetx":91,"offsety":9}},"mobile_player_skill":{"#Node#Panel_1#Image_bg":{"width":348,"height":440,"visible":1,"offsetx":16,"offsety":46},"#Node#Panel_1#ListView_cells":{"width":348,"height":420,"visible":1,"offsetx":6,"offsety":5},"#Node#Panel_1#Image_5":{"width":348,"height":60,"visible":1,"offsetx":15,"offsety":7},"#Node#Panel_1#Button_setting":{"width":104,"height":33,"visible":1,"offsetx":4,"offsety":8}},"mobile_player_title":{"#Node#Panel_1#Image_cur#Image_11#Text_curTitle":{"width":0,"height":0,"visible":1,"offsetx":9,"offsety":0},"#Node#Panel_1#Image_1":{"width":348,"height":478,"visible":0,"offsetx":0,"offsety":0},"#Node#Panel_1#Image_cur#Image_11":{"width":176,"height":47,"visible":1,"offsetx":-4,"offsety":-3},"#Node#Panel_1#Image_cur#Button_curTitle":{"width":56,"height":58,"visible":1,"offsetx":0,"offsety":-1},"#Node#Panel_1#ListView_cells":{"width":348,"height":350,"visible":1,"offsetx":15,"offsety":-12},"#Node#Panel_1#Image_cur":{"width":51,"height":53,"visible":1,"offsetx":21,"offsety":-30},"#Node#Panel_1#Image_12":{"width":277,"height":27,"visible":1,"offsetx":16,"offsety":95}},"mobile_player_superEquip":{"#Node#Panel_1#Node_43":{"width":0,"height":0,"visible":1,"offsetx":232,"offsety":106},"#Node#Panel_1#Panel_pos43":{"width":51,"height":51,"visible":1,"offsetx":232,"offsety":106},"#Node#Panel_1#Panel_pos23":{"width":51,"height":51,"visible":0,"offsetx":0,"offsety":0},"#Node#Panel_1#Panel_pos18":{"width":120,"height":206,"visible":1,"offsetx":31,"offsety":47},"#Node#Panel_1#Node_20":{"width":0,"height":0,"visible":1,"offsetx":-268,"offsety":-77},"#Node#Panel_1#Node_29":{"width":0,"height":0,"visible":1,"offsetx":65,"offsety":163},"#Node#Panel_1#Node_22":{"width":0,"height":0,"visible":0,"offsetx":0,"offsety":0},"#Node#Panel_1#Panel_pos28#Image_bg":{"width":52,"height":52,"visible":1,"offsetx":0,"offsety":0},"#Node#Panel_1#Panel_pos22":{"width":51,"height":51,"visible":0,"offsetx":0,"offsety":0},"#Node#Panel_1#Panel_pos27#Image_bg":{"width":52,"height":52,"visible":1,"offsetx":0,"offsety":0},"#Node#Panel_1#Panel_pos20#Image_bg":{"width":52,"height":52,"visible":1,"offsetx":0,"offsety":0},"#Node#Panel_1#Panel_pos42#Image_icon":{"width":35,"height":36,"visible":0,"offsetx":0,"offsety":0},"#Node#Panel_1#Panel_pos17":{"width":180,"height":240,"visible":1,"offsetx":1,"offsety":0},"#Node#Panel_1#Panel_pos43#Image_icon":{"width":47,"height":43,"visible":0,"offsetx":0,"offsety":0},"#Node#Panel_1#Panel_pos44":{"width":51,"height":51,"visible":1,"offsetx":13,"offsety":107},"#Node#Panel_1#Text_shizhuang":{"width":80,"height":20,"visible":1,"offsetx":6,"offsety":9},"#Node#Panel_1#Panel_pos21":{"width":50,"height":50,"visible":0,"offsetx":0,"offsety":0},"#Node#Panel_1#Panel_pos42":{"width":51,"height":51,"visible":1,"offsetx":-130,"offsety":49},"#Node#Panel_1#Node_42":{"width":0,"height":0,"visible":1,"offsetx":-131,"offsety":48},"#Node#Panel_1#Node_24":{"width":0,"height":0,"visible":0,"offsetx":0,"offsety":0},"#Node#Panel_1#Node_28":{"width":0,"height":0,"visible":1,"offsetx":123,"offsety":50},"#Node#Panel_1#Panel_pos29":{"width":51,"height":51,"visible":1,"offsetx":66,"offsety":163},"#Node#Panel_1#Node_44":{"width":0,"height":0,"visible":1,"offsetx":12,"offsety":107},"#Node#Panel_1#Panel_pos29#Image_icon":{"width":47,"height":43,"visible":0,"offsetx":0,"offsety":0},"#Node#Panel_1#Node_25":{"width":0,"height":0,"visible":0,"offsetx":0,"offsety":0},"#Node#Panel_1#Panel_pos28":{"width":51,"height":51,"visible":1,"offsetx":122,"offsety":49},"#Node#Panel_1#Panel_pos25":{"width":51,"height":51,"visible":0,"offsetx":0,"offsety":0},"#Node#Panel_1#Panel_pos27#Image_icon":{"width":47,"height":37,"visible":0,"offsetx":0,"offsety":0},"#Node#Panel_1#Text_guildinfo":{"width":0,"height":0,"visible":1,"offsetx":179,"offsety":7},"#Node#Panel_1#Image_20":{"width":348,"height":478,"visible":0,"offsetx":0,"offsety":0},"#Node#Panel_1#Node_23":{"width":0,"height":0,"visible":0,"offsetx":0,"offsety":0},"#Node#Panel_1#Node_26":{"width":0,"height":0,"visible":0,"offsetx":0,"offsety":0},"#Node#Panel_1#Panel_pos44#Image_bg":{"width":52,"height":52,"visible":1,"offsetx":0,"offsety":0},"#Node#Panel_1#Node_playerModel":{"width":0,"height":0,"visible":1,"offsetx":36,"offsety":58},"#Node#Panel_1#Panel_pos27":{"width":51,"height":51,"visible":1,"offsetx":-98,"offsety":50},"#Node#Panel_1#Panel_pos20":{"width":51,"height":51,"visible":1,"offsetx":-265,"offsety":-79},"#Node#Panel_1#Node_27":{"width":0,"height":0,"visible":1,"offsetx":-99,"offsety":51},"#Node#Panel_1#Panel_pos28#Image_icon":{"width":47,"height":37,"visible":0,"offsetx":0,"offsety":0},"#Node#Panel_1#Panel_pos26":{"width":51,"height":51,"visible":0,"offsetx":0,"offsety":0},"#Node#Panel_1#Panel_pos20#Image_icon":{"width":47,"height":37,"visible":0,"offsetx":0,"offsety":0},"#Node#Panel_1#CheckBox_shizhuang":{"width":29,"height":28,"visible":1,"offsetx":4,"offsety":9},"#Node#Panel_1#Panel_pos44#Image_icon":{"width":35,"height":36,"visible":0,"offsetx":0,"offsety":0},"#Node#Panel_1#Panel_pos24":{"width":51,"height":51,"visible":0,"offsetx":0,"offsety":0}},"pc_look_player":{},"pc_main_monster":{"#Node#Panel_1#LockBtn":{"width":59,"height":59,"visible":1,"offsetx":0,"offsety":0},"#Node#Panel_1#Node_bar_tip":{"width":0,"height":0,"visible":1,"offsetx":0,"offsety":0},"#Node#Panel_1#Text_belong":{"width":48,"height":19,"visible":1,"offsetx":0,"offsety":0},"#Node#Panel_1#Image_icon":{"width":67,"height":65,"visible":1,"offsetx":0,"offsety":0},"#Node#Panel_1#LoadingBar_hp_bar":{"width":296,"height":21,"visible":1,"offsetx":0,"offsety":0},"#Node#Panel_1#Text_lv":{"width":40,"height":19,"visible":1,"offsetx":0,"offsety":0},"#Node#Panel_1#Text_belong_name":{"width":0,"height":0,"visible":1,"offsetx":0,"offsety":0},"#Node#Panel_1#Panel_loding_hp_tx":{"width":295,"height":20,"visible":1,"offsetx":0,"offsety":0},"#Node#Panel_1#Panel_hp_tip#Text_hp_tip":{"width":0,"height":0,"visible":1,"offsetx":0,"offsety":0},"#Node#Panel_1#Button_close":{"width":37,"height":38,"visible":1,"offsetx":0,"offsety":0},"#Node#Panel_1":{"width":0,"height":0,"visible":0,"offsetx":0,"offsety":0},"#Node#Panel_1#Text_monster_name":{"width":0,"height":0,"visible":1,"offsetx":0,"offsety":0},"#Node#Panel_1#Panel_hp_tip":{"width":287,"height":21,"visible":1,"offsetx":0,"offsety":0},"#Node#Panel_1#Text_hp":{"width":0,"height":0,"visible":1,"offsetx":0,"offsety":0},"#Node#Panel_1#Image_loading_bg":{"width":296,"height":21,"visible":1,"offsetx":0,"offsety":0},"#Node#Panel_1#Panel_bar_hp_tx":{"width":295,"height":20,"visible":1,"offsetx":0,"offsety":0},"#Node#Panel_1#Image_bg":{"width":394,"height":104,"visible":1,"offsetx":0,"offsety":0}},"mobile_rank_layer":{"#Scene#Panel_1#Panel_type#Panel_hero":{"width":88,"height":33,"visible":0,"offsetx":0,"offsety":0}},"mobile_best_ring":{"#Scene#Panel_1#Panel_items#Image_38":{"width":52,"height":52,"visible":1,"offsetx":-3,"offsety":38},"#Scene#Panel_1#Panel_items#Image_tag30":{"width":82,"height":86,"visible":0,"offsetx":-2,"offsety":0},"#Scene#Panel_1#Panel_items#Image_tag32":{"width":82,"height":86,"visible":0,"offsetx":0,"offsety":0},"#Scene#Panel_1#Panel_items#Image_30":{"width":52,"height":52,"visible":1,"offsetx":-2,"offsety":18},"#Scene#Panel_1#Panel_items#Node_36":{"width":0,"height":0,"visible":1,"offsetx":0,"offsety":32},"#Scene#Panel_1#Panel_items#Node_33":{"width":0,"height":0,"visible":1,"offsetx":-7,"offsety":18},"#Scene#Panel_1#Panel_items#Image_31":{"width":52,"height":52,"visible":1,"offsetx":-5,"offsety":18},"#Scene#Panel_1#Panel_items#Node_38":{"width":0,"height":0,"visible":1,"offsetx":-1,"offsety":37},"#Scene#Panel_1#Panel_items#Node_39":{"width":0,"height":0,"visible":1,"offsetx":-2,"offsety":41},"#Scene#Panel_1#Button_close":{"width":26,"height":42,"visible":1,"offsetx":-37,"offsety":-30},"#Scene#Panel_1#Panel_items#Node_32":{"width":0,"height":0,"visible":1,"offsetx":-2,"offsety":19},"#Scene#Panel_1#Panel_items#Image_33":{"width":52,"height":52,"visible":1,"offsetx":-6,"offsety":17},"#Scene#Panel_1#Panel_items#Node_30":{"width":0,"height":0,"visible":1,"offsetx":-3,"offsety":19},"#Scene#Panel_1#Image_2":{"width":84,"height":25,"visible":1,"offsetx":-4,"offsety":5},"#Scene#Panel_1#Panel_items#Image_39":{"width":52,"height":52,"visible":1,"offsetx":-4,"offsety":41},"#Scene#Panel_1#Panel_items#Node_40":{"width":0,"height":0,"visible":1,"offsetx":-1,"offsety":43},"#Scene#Panel_1#Panel_items#Image_40":{"width":52,"height":52,"visible":1,"offsetx":-3,"offsety":42},"#Scene#Panel_1#Panel_items#Node_31":{"width":0,"height":0,"visible":1,"offsetx":-3,"offsety":21},"#Scene#Panel_1#Panel_items#Image_tag31":{"width":82,"height":86,"visible":0,"offsetx":6,"offsety":0},"#Scene#Panel_1#Panel_items#Image_37":{"width":52,"height":52,"visible":1,"offsetx":-5,"offsety":33},"#Scene#Panel_1#Panel_items#Image_34":{"width":52,"height":52,"visible":1,"offsetx":-2,"offsety":29},"#Scene#Panel_1#Panel_items#Image_35":{"width":52,"height":52,"visible":1,"offsetx":-5,"offsety":30},"#Scene#Panel_1#Panel_items#Node_41":{"width":0,"height":0,"visible":1,"offsetx":-2,"offsety":44},"#Scene#Panel_1#Panel_items#Image_32":{"width":52,"height":52,"visible":1,"offsetx":-4,"offsety":18},"#Scene#Panel_1#Panel_items#Node_35":{"width":0,"height":0,"visible":1,"offsetx":-5,"offsety":29},"#Scene#Panel_1#Panel_items#Node_37":{"width":0,"height":0,"visible":1,"offsetx":-5,"offsety":34},"#Scene#Panel_1#Image_3":{"width":238,"height":11,"visible":1,"offsetx":0,"offsety":4},"#Scene#Panel_1#Panel_items#Image_36":{"width":52,"height":52,"visible":1,"offsetx":-3,"offsety":32},"#Scene#Panel_1#Panel_items#Node_34":{"width":0,"height":0,"visible":1,"offsetx":-1,"offsety":31},"#Scene#Panel_1#Panel_items#Image_41":{"width":52,"height":52,"visible":1,"offsetx":-5,"offsety":42}},"mobile_npc_storage":{"#Scene#Panel_1#Button_page2":{"width":33,"height":60,"visible":1,"offsetx":2,"offsety":16},"#Scene#Panel_1#Button_page4#PageText":{"width":16,"height":21,"visible":1,"offsetx":3,"offsety":-22},"#Scene#Panel_1#Button_page3":{"width":33,"height":60,"visible":1,"offsetx":3,"offsety":24},"#Scene#Panel_1#Button_page3#PageText":{"width":16,"height":21,"visible":1,"offsetx":3,"offsety":-24},"#Scene#Panel_1#Button_page5":{"width":33,"height":60,"visible":1,"offsetx":3,"offsety":39},"#Scene#Panel_1#Button_page1":{"width":33,"height":60,"visible":1,"offsetx":2,"offsety":8},"#Scene#Panel_1#Button_page2#PageText":{"width":16,"height":21,"visible":1,"offsetx":2,"offsety":-23},"#Scene#Panel_1#Button_page1#PageText":{"width":16,"height":21,"visible":1,"offsetx":3,"offsety":-22},"#Scene#Panel_1#Button_page4":{"width":33,"height":60,"visible":1,"offsetx":2,"offsety":31},"#Scene#Panel_1#Button_page5#PageText":{"width":16,"height":21,"visible":1,"offsetx":2,"offsety":-23}},"mobile_base_attr":{"#Node#Panel_1#Panel_2#ListView_base":{"width":348,"height":478,"visible":1,"offsetx":5,"offsety":3},"#Node#Panel_1#Image_1":{"width":348,"height":478,"visible":0,"offsetx":0,"offsety":0}},"mobile_extra_attr":{"#Node#Panel_1#Panel_2#ListView_extraAtt":{"width":348,"height":430,"visible":1,"offsetx":41,"offsety":58},"#Node#Panel_1#Image_1":{"width":348,"height":478,"visible":0,"offsetx":0,"offsety":0}},"mobile_map":{"#Node#Panel_1#FrameLayout#FrameBG":{"width":816,"height":620,"visible":1,"offsetx":0,"offsety":0},"#Node#Panel_1#Text_mapName":{"width":48,"height":19,"visible":1,"offsetx":0,"offsety":33},"#Node#Panel_1#Image_mapNameBG":{"width":202,"height":25,"visible":1,"offsetx":0,"offsety":33},"#Node#Panel_1#Panel_map":{"width":653,"height":476,"visible":1,"offsetx":45,"offsety":-51},"#Node#Panel_1#FrameLayout#TitleText":{"width":40,"height":23,"visible":1,"offsetx":0,"offsety":33}},"mobile_look_player":{"#Scene#Panel_1#Panel_btnList#Button_6#Text_name":{"width":16,"height":42,"visible":1,"offsetx":0,"offsety":0},"#Scene#Panel_1#ButtonClose":{"width":26,"height":42,"visible":1,"offsetx":0,"offsety":0},"#Scene#Panel_1#Node_panel":{"width":0,"height":0,"visible":1,"offsetx":0,"offsety":0},"#Scene#Panel_1#Panel_btnList#Button_1":{"width":33,"height":91,"visible":1,"offsetx":0,"offsety":0},"#Scene#Panel_1#Panel_btnList":{"width":32,"height":454,"visible":1,"offsetx":0,"offsety":0},"#Scene#Panel_1#Panel_btnList#Button_6":{"width":33,"height":91,"visible":1,"offsetx":0,"offsety":0},"#Scene#Panel_1#Panel_btnList#Button_1#Text_name":{"width":16,"height":42,"visible":1,"offsetx":0,"offsety":0},"#Scene#Panel_1#Panel_btnList#Button_11":{"width":33,"height":91,"visible":1,"offsetx":0,"offsety":0},"#Scene#Panel_1#Panel_btnList#Button_11#Text_name":{"width":16,"height":42,"visible":1,"offsetx":0,"offsety":0},"#Scene#Panel_1#Text_Name":{"width":0,"height":0,"visible":1,"offsetx":0,"offsety":0},"#Scene#Panel_1#Image_bg":{"width":377,"height":487,"visible":1,"offsetx":0,"offsety":0}},"mobile_main_monster":{},"pc_guild_frame":{},"mobile_MainTarget_Belong":{},"mobile_MainMonster_Belong":{},"pc_base_attr":{"#Node#Panel_1#Image_1":{"width":272,"height":349,"visible":0,"offsetx":0,"offsety":0},"#Node#Panel_1#Panel_2#ListView_base":{"width":272,"height":349,"visible":1,"offsetx":0,"offsety":5}},"pc_extra_attr":{"#Node#Panel_1#Panel_2#ListView_extraAtt":{"width":272,"height":349,"visible":1,"offsetx":4,"offsety":-1},"#Node#Panel_1#Image_1":{"width":272,"height":349,"visible":0,"offsetx":0,"offsety":-4}},"mobile_hero_state":{},"pc_setting_frame":{},"pc_auction_frame":{},"mobile_minimap":{},"mobile_assist":{},"mobile_bag":{"#Scene#Panel_1#Button_page2":{"width":27,"height":79,"visible":1,"offsetx":1,"offsety":-10},"#Scene#Panel_1#Button_page4#PageText":{"width":18,"height":22,"visible":1,"offsetx":-5,"offsety":-10},"#Scene#Panel_1#Button_page3":{"width":27,"height":79,"visible":1,"offsetx":1,"offsety":-21},"#Scene#Panel_1#Button_page3#PageText":{"width":18,"height":21,"visible":1,"offsetx":-2,"offsety":-8},"#Scene#Panel_1#Button_page5":{"width":27,"height":79,"visible":0,"offsetx":0,"offsety":-46},"#Scene#Panel_1#Button_page1":{"width":27,"height":79,"visible":1,"offsetx":1,"offsety":0},"#Scene#Panel_1#Button_page2#PageText":{"width":18,"height":21,"visible":1,"offsetx":-2,"offsety":-11},"#Scene#Panel_1#Button_page1#PageText":{"width":18,"height":21,"visible":1,"offsetx":-2,"offsety":-8},"#Scene#Panel_1#Button_close":{"width":30,"height":30,"visible":1,"offsetx":-3,"offsety":26},"#Scene#Panel_1":{"width":568,"height":469,"visible":1,"offsetx":260,"offsety":-11},"#Scene#Panel_1#Image_gold":{"width":35,"height":21,"visible":0,"offsetx":0,"offsety":0},"#Scene#Panel_1#ScrollView_items":{"width":538,"height":340,"visible":1,"offsetx":-9,"offsety":-9},"#Scene#Panel_1#Button_store_hero_bag":{"width":120,"height":29,"visible":0,"offsetx":0,"offsety":0},"#Scene#Panel_1#Panel_addItems":{"width":500,"height":320,"visible":1,"offsetx":0,"offsety":15},"#Scene#Panel_1#Button_page4":{"width":27,"height":79,"visible":0,"offsetx":0,"offsety":-32},"#Scene#Panel_1#Button_page5#PageText":{"width":18,"height":22,"visible":1,"offsetx":-6,"offsety":-10}},"pc_MainTarget_Belong":{},"pc_social_frame":{},"mobile_player_equip":{"#Node#Panel_1#Panel_pos14#Image_icon":{"width":35,"height":36,"visible":1,"offsetx":0,"offsety":0},"#Node#Panel_1#Node_9":{"width":0,"height":0,"visible":1,"offsetx":11,"offsety":49},"#Node#Panel_1#Panel_pos1":{"width":120,"height":206,"visible":1,"offsetx":0,"offsety":0},"#Node#Panel_1#Panel_pos12#Image_icon":{"width":47,"height":43,"visible":1,"offsetx":0,"offsety":0},"#Node#Panel_1#Node_5":{"width":0,"height":0,"visible":1,"offsetx":12,"offsety":39},"#Node#Panel_1#Node_8":{"width":0,"height":0,"visible":1,"offsetx":11,"offsety":44},"#Node#Panel_1#Node_3":{"width":0,"height":0,"visible":1,"offsetx":11,"offsety":30},"#Node#Panel_1#Node_4":{"width":0,"height":0,"visible":1,"offsetx":152,"offsety":45},"#Node#Panel_1#Image_20":{"width":348,"height":478,"visible":0,"offsetx":0,"offsety":0},"#Node#Panel_1#Panel_pos0":{"width":180,"height":240,"visible":1,"offsetx":0,"offsety":0},"#Node#Panel_1#Panel_pos8":{"width":51,"height":51,"visible":1,"offsetx":12,"offsety":44},"#Node#Panel_1#Panel_pos7#Image_icon":{"width":47,"height":37,"visible":1,"offsetx":0,"offsety":0},"#Node#Panel_1#Panel_pos9":{"width":51,"height":51,"visible":1,"offsetx":12,"offsety":49},"#Node#Panel_1#Panel_pos11#Image_bg":{"width":52,"height":52,"visible":1,"offsetx":2,"offsety":2},"#Node#Panel_1#Panel_pos9#Image_bg":{"width":52,"height":52,"visible":1,"offsetx":0,"offsety":0},"#Node#Panel_1#Node_playerModel":{"width":1,"height":1,"visible":1,"offsetx":11,"offsety":53},"#Node#Panel_1#Node_11":{"width":0,"height":0,"visible":1,"offsetx":12,"offsety":47},"#Node#Panel_1#Panel_pos14":{"width":51,"height":51,"visible":1,"offsetx":13,"offsety":49},"#Node#Panel_1#Node_10":{"width":0,"height":0,"visible":1,"offsetx":14,"offsety":48},"#Node#Panel_1#Node_14":{"width":0,"height":0,"visible":1,"offsetx":11,"offsety":48},"#Node#Panel_1#Best_ringBox#Image_box":{"width":50,"height":48,"visible":1,"offsetx":5,"offsety":1},"#Node#Panel_1#Panel_pos9#Image_icon":{"width":47,"height":43,"visible":1,"offsetx":0,"offsety":0},"#Node#Panel_1#Node_12":{"width":0,"height":0,"visible":1,"offsetx":13,"offsety":49},"#Node#Panel_1#Panel_pos12#Image_bg":{"width":52,"height":52,"visible":1,"offsetx":0,"offsety":0},"#Node#Panel_1#Node_55":{"width":0,"height":0,"visible":0,"offsetx":-2,"offsety":0},"#Node#Panel_1#Panel_pos13":{"width":50,"height":50,"visible":1,"offsetx":-126,"offsety":-71},"#Node#Panel_1#Panel_pos8#Image_icon":{"width":47,"height":37,"visible":1,"offsetx":0,"offsety":0},"#Node#Panel_1#Best_ringBox":{"width":54,"height":43,"visible":1,"offsetx":9,"offsety":87},"#Node#Panel_1#Panel_pos12":{"width":51,"height":51,"visible":1,"offsetx":14,"offsety":49},"#Node#Panel_1#Panel_pos6#Image_bg":{"width":52,"height":52,"visible":1,"offsetx":0,"offsety":0},"#Node#Panel_1#Node_2":{"width":0,"height":0,"visible":1,"offsetx":11,"offsety":35},"#Node#Panel_1#Panel_pos15":{"width":51,"height":51,"visible":1,"offsetx":11,"offsety":49},"#Node#Panel_1#Panel_pos13#Image_icon":{"width":46,"height":46,"visible":0,"offsetx":0,"offsety":0},"#Node#Panel_1#Panel_pos8#Image_bg":{"width":52,"height":52,"visible":1,"offsetx":0,"offsety":0},"#Node#Panel_1#Panel_pos3#Image_icon":{"width":47,"height":37,"visible":1,"offsetx":1,"offsety":0},"#Node#Panel_1#Panel_pos2":{"width":51,"height":51,"visible":1,"offsetx":11,"offsety":36},"#Node#Panel_1#Panel_pos10":{"width":51,"height":51,"visible":1,"offsetx":13,"offsety":48},"#Node#Panel_1#Panel_pos15#Image_icon":{"width":35,"height":36,"visible":1,"offsetx":0,"offsety":0},"#Node#Panel_1#Panel_pos5":{"width":51,"height":51,"visible":1,"offsetx":11,"offsety":40},"#Node#Panel_1#Node_7":{"width":0,"height":0,"visible":1,"offsetx":10,"offsety":45},"#Node#Panel_1#Panel_pos2#Image_icon":{"width":47,"height":43,"visible":1,"offsetx":0,"offsety":0},"#Node#Panel_1#Panel_pos4#Image_icon":{"width":46,"height":46,"visible":0,"offsetx":0,"offsety":0},"#Node#Panel_1#Panel_pos3":{"width":51,"height":51,"visible":1,"offsetx":13,"offsety":30},"#Node#Panel_1#Panel_pos2#Image_bg":{"width":52,"height":52,"visible":1,"offsetx":0,"offsety":0},"#Node#Panel_1#Node_6":{"width":0,"height":0,"visible":1,"offsetx":12,"offsety":37},"#Node#Panel_1#Panel_pos11":{"width":51,"height":51,"visible":1,"offsetx":12,"offsety":48},"#Node#Panel_1#Panel_pos6#Image_icon":{"width":47,"height":37,"visible":1,"offsetx":0,"offsety":0},"#Node#Panel_1#Panel_pos6":{"width":51,"height":51,"visible":1,"offsetx":12,"offsety":39},"#Node#Panel_1#Panel_pos10#Image_bg":{"width":52,"height":52,"visible":1,"offsetx":1,"offsety":2},"#Node#Panel_1#Panel_pos7":{"width":51,"height":51,"visible":1,"offsetx":10,"offsety":45},"#Node#Panel_1#Panel_pos13#Image_bg":{"width":52,"height":52,"visible":1,"offsetx":0,"offsety":0},"#Node#Panel_1#Panel_pos5#Image_bg":{"width":52,"height":52,"visible":1,"offsetx":0,"offsety":0},"#Node#Panel_1#Panel_pos7#Image_bg":{"width":52,"height":52,"visible":1,"offsetx":0,"offsety":0},"#Node#Panel_1#Node_15":{"width":0,"height":0,"visible":1,"offsetx":11,"offsety":49},"#Node#Panel_1#Panel_pos3#Image_bg":{"width":52,"height":52,"visible":1,"offsetx":-3,"offsety":1},"#Node#Panel_1#Panel_pos55":{"width":50,"height":50,"visible":1,"offsetx":-1,"offsety":0},"#Node#Panel_1#Node_13":{"width":0,"height":0,"visible":1,"offsetx":-125,"offsety":-71},"#Node#Panel_1#Panel_pos4":{"width":50,"height":50,"visible":1,"offsetx":150,"offsety":43},"#Node#Panel_1#Panel_pos4#Image_bg":{"width":52,"height":52,"visible":1,"offsetx":0,"offsety":0},"#Node#Panel_1#Panel_pos15#Image_bg":{"width":52,"height":52,"visible":1,"offsetx":0,"offsety":0},"#Node#Panel_1#Panel_pos16":{"width":85,"height":140,"visible":1,"offsetx":-13,"offsety":43},"#Node#Panel_1#Panel_pos14#Image_bg":{"width":52,"height":52,"visible":1,"offsetx":-1,"offsety":0},"#Node#Panel_1#Text_guildinfo":{"width":94,"height":22,"visible":1,"offsetx":130,"offsety":11}},"pc_store_frame":{"#FrameLayout#page_cell_4":{"width":24,"height":67,"visible":0,"offsetx":0,"offsety":0},"#FrameLayout#page_cell_3":{"width":24,"height":67,"visible":0,"offsetx":0,"offsety":0},"#FrameLayout#page_cell_5":{"width":24,"height":67,"visible":1,"offsetx":0,"offsety":118}},"pc_bag":{"#Scene#Panel_1#Button_page2":{"width":24,"height":67,"visible":0,"offsetx":0,"offsety":0},"#Scene#Panel_1#Button_page4#PageText":{"width":14,"height":17,"visible":1,"offsetx":0,"offsety":0},"#Scene#Panel_1#Button_page3":{"width":24,"height":67,"visible":0,"offsetx":0,"offsety":0},"#Scene#Panel_1#Button_page3#PageText":{"width":14,"height":17,"visible":1,"offsetx":0,"offsety":0},"#Scene#Panel_1#Button_page5":{"width":24,"height":67,"visible":0,"offsetx":0,"offsety":0},"#Scene#Panel_1#Button_page1":{"width":24,"height":67,"visible":0,"offsetx":0,"offsety":0},"#Scene#Panel_1#Button_page2#PageText":{"width":14,"height":17,"visible":1,"offsetx":0,"offsety":0},"#Scene#Panel_1#Button_page1#PageText":{"width":14,"height":17,"visible":1,"offsetx":0,"offsety":0},"#Scene#Panel_1#Button_close":{"width":26,"nimg":"res\/public_win32\/1900000510.png","pimg":"","dimg":"","offsetx":201,"offsety":300,"text":"","visible":1,"height":35},"#Scene#Panel_1#Image_gold":{"width":32,"height":19,"visible":1,"offsetx":88,"offsety":539},"#Scene#Panel_1#ScrollView_items":{"width":537,"height":440,"visible":1,"offsetx":24,"offsety":271},"#Scene#Panel_1#Button_store_hero_bag":{"width":120,"height":29,"visible":0,"offsetx":0,"offsety":24},"#Scene#Panel_1#Panel_addItems":{"width":537,"height":440,"visible":1,"offsetx":39,"offsety":272},"#Scene#Panel_1#Button_page4":{"width":24,"height":67,"visible":0,"offsetx":0,"offsety":0},"#Scene#Panel_1#Text_goldNum":{"width":8,"height":18,"visible":1,"offsetx":71,"offsety":531},"#Scene#Panel_1#Image_bg":{"width":569,"height":569,"visible":1,"offsety":198,"movable":1,"img":"res\/private\/bag_ui\/bag_ui_win32\/bg_beibao_02.png","offsetx":118},"#Scene#Panel_1":{"width":569,"height":569,"visible":1,"offsetx":87,"offsety":-137},"#Scene#Panel_1#Button_page5#PageText":{"width":14,"height":17,"visible":1,"offsetx":0,"offsety":0}},"pc_property":{"#Node#Panel_bg#Panel_act#Button_pick":{"width":59,"height":59,"visible":0,"offsetx":-39,"offsety":60}},"mobile_social_frame":{},"pc_hero_state":{},"pc_assist":{}}