{"#Node#Panel_1#Image_cur#Image_11#Text_curTitle":{"width":0,"height":0,"visible":1,"offsetx":9,"offsety":0},"#Node#Panel_1#Image_1":{"width":348,"height":478,"visible":0,"offsetx":0,"offsety":0},"#Node#Panel_1#Image_cur#Image_11":{"width":176,"height":47,"visible":1,"offsetx":-4,"offsety":-3},"#Node#Panel_1#Image_cur#Button_curTitle":{"width":56,"height":58,"visible":1,"offsetx":0,"offsety":-1},"#Node#Panel_1#ListView_cells":{"width":348,"height":350,"visible":1,"offsetx":15,"offsety":-12},"#Node#Panel_1#Image_cur":{"width":51,"height":53,"visible":1,"offsetx":21,"offsety":-30},"#Node#Panel_1#Image_12":{"width":277,"height":27,"visible":1,"offsetx":16,"offsety":95}}