{"#Scene#Panel_1#Button_page2":{"width":27,"height":79,"visible":1,"offsetx":1,"offsety":-10},"#Scene#Panel_1#Button_page4#PageText":{"width":18,"height":22,"visible":1,"offsetx":-5,"offsety":-10},"#Scene#Panel_1#Button_page3":{"width":27,"height":79,"visible":1,"offsetx":1,"offsety":-21},"#Scene#Panel_1#Button_page3#PageText":{"width":18,"height":21,"visible":1,"offsetx":-2,"offsety":-8},"#Scene#Panel_1#Button_page5":{"width":27,"height":79,"visible":0,"offsetx":0,"offsety":-46},"#Scene#Panel_1#Button_page1":{"width":27,"height":79,"visible":1,"offsetx":1,"offsety":0},"#Scene#Panel_1#Button_page2#PageText":{"width":18,"height":21,"visible":1,"offsetx":-2,"offsety":-11},"#Scene#Panel_1#Button_page1#PageText":{"width":18,"height":21,"visible":1,"offsetx":-2,"offsety":-8},"#Scene#Panel_1#Button_close":{"width":30,"height":30,"visible":1,"offsetx":-3,"offsety":26},"#Scene#Panel_1":{"width":568,"height":469,"visible":1,"offsetx":260,"offsety":-11},"#Scene#Panel_1#Image_gold":{"width":35,"height":21,"visible":0,"offsetx":0,"offsety":0},"#Scene#Panel_1#ScrollView_items":{"width":538,"height":340,"visible":1,"offsetx":-9,"offsety":-9},"#Scene#Panel_1#Button_store_hero_bag":{"width":120,"height":29,"visible":0,"offsetx":0,"offsety":0},"#Scene#Panel_1#Panel_addItems":{"width":500,"height":320,"visible":1,"offsetx":0,"offsety":15},"#Scene#Panel_1#Button_page4":{"width":27,"height":79,"visible":0,"offsetx":0,"offsety":-32},"#Scene#Panel_1#Button_page5#PageText":{"width":18,"height":22,"visible":1,"offsetx":-6,"offsety":-10}}