{"#FrameLayout#page_cell_4":{"width":33,"height":91,"visible":0,"offsetx":0,"offsety":0},"#FrameLayout#page_cell_3":{"width":33,"height":91,"visible":0,"offsetx":0,"offsety":0},"#FrameLayout":{"width":790,"height":536,"visible":1,"offsetx":0,"offsety":0},"#FrameLayout#page_cell_2":{"width":33,"height":91,"visible":1,"offsetx":0,"offsety":-17},"#FrameLayout#page_cell_5#PageText":{"width":16,"height":42,"visible":1,"offsetx":0,"offsety":0},"#FrameLayout#page_cell_5":{"width":33,"height":91,"visible":1,"offsetx":0,"offsety":117}}