{"#Scene#Panel_1#Panel_btnList#Button_6#Text_name":{"width":16,"height":42,"visible":1,"offsetx":0,"offsety":0},"#Scene#Panel_1#ButtonClose":{"width":26,"height":42,"visible":1,"offsetx":0,"offsety":0},"#Scene#Panel_1#Node_panel":{"width":0,"height":0,"visible":1,"offsetx":0,"offsety":0},"#Scene#Panel_1#Panel_btnList#Button_1":{"width":33,"height":91,"visible":1,"offsetx":0,"offsety":0},"#Scene#Panel_1#Panel_btnList":{"width":32,"height":454,"visible":1,"offsetx":0,"offsety":0},"#Scene#Panel_1#Panel_btnList#Button_6":{"width":33,"height":91,"visible":1,"offsetx":0,"offsety":0},"#Scene#Panel_1#Panel_btnList#Button_1#Text_name":{"width":16,"height":42,"visible":1,"offsetx":0,"offsety":0},"#Scene#Panel_1#Panel_btnList#Button_11":{"width":33,"height":91,"visible":1,"offsetx":0,"offsety":0},"#Scene#Panel_1#Panel_btnList#Button_11#Text_name":{"width":16,"height":42,"visible":1,"offsetx":0,"offsety":0},"#Scene#Panel_1#Text_Name":{"width":0,"height":0,"visible":1,"offsetx":0,"offsety":0},"#Scene#Panel_1#Image_bg":{"width":377,"height":487,"visible":1,"offsetx":0,"offsety":0}}