{"#Node#Panel_1#Panel_pos14#Image_icon":{"width":35,"height":36,"visible":1,"offsetx":0,"offsety":0},"#Node#Panel_1#Node_9":{"width":0,"height":0,"visible":1,"offsetx":11,"offsety":49},"#Node#Panel_1#Panel_pos1":{"width":120,"height":206,"visible":1,"offsetx":0,"offsety":0},"#Node#Panel_1#Panel_pos12#Image_icon":{"width":47,"height":43,"visible":1,"offsetx":0,"offsety":0},"#Node#Panel_1#Node_5":{"width":0,"height":0,"visible":1,"offsetx":12,"offsety":39},"#Node#Panel_1#Node_8":{"width":0,"height":0,"visible":1,"offsetx":11,"offsety":44},"#Node#Panel_1#Node_3":{"width":0,"height":0,"visible":1,"offsetx":11,"offsety":30},"#Node#Panel_1#Node_4":{"width":0,"height":0,"visible":1,"offsetx":152,"offsety":45},"#Node#Panel_1#Image_20":{"width":348,"height":478,"visible":0,"offsetx":0,"offsety":0},"#Node#Panel_1#Panel_pos0":{"width":180,"height":240,"visible":1,"offsetx":0,"offsety":0},"#Node#Panel_1#Panel_pos8":{"width":51,"height":51,"visible":1,"offsetx":12,"offsety":44},"#Node#Panel_1#Panel_pos7#Image_icon":{"width":47,"height":37,"visible":1,"offsetx":0,"offsety":0},"#Node#Panel_1#Panel_pos9":{"width":51,"height":51,"visible":1,"offsetx":12,"offsety":49},"#Node#Panel_1#Panel_pos11#Image_bg":{"width":52,"height":52,"visible":1,"offsetx":2,"offsety":2},"#Node#Panel_1#Panel_pos9#Image_bg":{"width":52,"height":52,"visible":1,"offsetx":0,"offsety":0},"#Node#Panel_1#Node_playerModel":{"width":1,"height":1,"visible":1,"offsetx":11,"offsety":53},"#Node#Panel_1#Node_11":{"width":0,"height":0,"visible":1,"offsetx":12,"offsety":47},"#Node#Panel_1#Panel_pos14":{"width":51,"height":51,"visible":1,"offsetx":13,"offsety":49},"#Node#Panel_1#Node_10":{"width":0,"height":0,"visible":1,"offsetx":14,"offsety":48},"#Node#Panel_1#Node_14":{"width":0,"height":0,"visible":1,"offsetx":11,"offsety":48},"#Node#Panel_1#Best_ringBox#Image_box":{"width":50,"height":48,"visible":1,"offsetx":5,"offsety":1},"#Node#Panel_1#Panel_pos9#Image_icon":{"width":47,"height":43,"visible":1,"offsetx":0,"offsety":0},"#Node#Panel_1#Node_12":{"width":0,"height":0,"visible":1,"offsetx":13,"offsety":49},"#Node#Panel_1#Panel_pos12#Image_bg":{"width":52,"height":52,"visible":1,"offsetx":0,"offsety":0},"#Node#Panel_1#Node_55":{"width":0,"height":0,"visible":0,"offsetx":-2,"offsety":0},"#Node#Panel_1#Panel_pos13":{"width":50,"height":50,"visible":1,"offsetx":-126,"offsety":-71},"#Node#Panel_1#Panel_pos8#Image_icon":{"width":47,"height":37,"visible":1,"offsetx":0,"offsety":0},"#Node#Panel_1#Best_ringBox":{"width":54,"height":43,"visible":1,"offsetx":9,"offsety":87},"#Node#Panel_1#Panel_pos12":{"width":51,"height":51,"visible":1,"offsetx":14,"offsety":49},"#Node#Panel_1#Panel_pos6#Image_bg":{"width":52,"height":52,"visible":1,"offsetx":0,"offsety":0},"#Node#Panel_1#Node_2":{"width":0,"height":0,"visible":1,"offsetx":11,"offsety":35},"#Node#Panel_1#Panel_pos15":{"width":51,"height":51,"visible":1,"offsetx":11,"offsety":49},"#Node#Panel_1#Panel_pos13#Image_icon":{"width":46,"height":46,"visible":0,"offsetx":0,"offsety":0},"#Node#Panel_1#Panel_pos8#Image_bg":{"width":52,"height":52,"visible":1,"offsetx":0,"offsety":0},"#Node#Panel_1#Panel_pos3#Image_icon":{"width":47,"height":37,"visible":1,"offsetx":1,"offsety":0},"#Node#Panel_1#Panel_pos2":{"width":51,"height":51,"visible":1,"offsetx":11,"offsety":36},"#Node#Panel_1#Panel_pos10":{"width":51,"height":51,"visible":1,"offsetx":13,"offsety":48},"#Node#Panel_1#Panel_pos15#Image_icon":{"width":35,"height":36,"visible":1,"offsetx":0,"offsety":0},"#Node#Panel_1#Panel_pos5":{"width":51,"height":51,"visible":1,"offsetx":11,"offsety":40},"#Node#Panel_1#Node_7":{"width":0,"height":0,"visible":1,"offsetx":10,"offsety":45},"#Node#Panel_1#Panel_pos2#Image_icon":{"width":47,"height":43,"visible":1,"offsetx":0,"offsety":0},"#Node#Panel_1#Panel_pos4#Image_icon":{"width":46,"height":46,"visible":0,"offsetx":0,"offsety":0},"#Node#Panel_1#Panel_pos3":{"width":51,"height":51,"visible":1,"offsetx":13,"offsety":30},"#Node#Panel_1#Panel_pos2#Image_bg":{"width":52,"height":52,"visible":1,"offsetx":0,"offsety":0},"#Node#Panel_1#Node_6":{"width":0,"height":0,"visible":1,"offsetx":12,"offsety":37},"#Node#Panel_1#Panel_pos11":{"width":51,"height":51,"visible":1,"offsetx":12,"offsety":48},"#Node#Panel_1#Panel_pos6#Image_icon":{"width":47,"height":37,"visible":1,"offsetx":0,"offsety":0},"#Node#Panel_1#Panel_pos6":{"width":51,"height":51,"visible":1,"offsetx":12,"offsety":39},"#Node#Panel_1#Panel_pos10#Image_bg":{"width":52,"height":52,"visible":1,"offsetx":1,"offsety":2},"#Node#Panel_1#Panel_pos7":{"width":51,"height":51,"visible":1,"offsetx":10,"offsety":45},"#Node#Panel_1#Panel_pos13#Image_bg":{"width":52,"height":52,"visible":1,"offsetx":0,"offsety":0},"#Node#Panel_1#Panel_pos5#Image_bg":{"width":52,"height":52,"visible":1,"offsetx":0,"offsety":0},"#Node#Panel_1#Panel_pos7#Image_bg":{"width":52,"height":52,"visible":1,"offsetx":0,"offsety":0},"#Node#Panel_1#Node_15":{"width":0,"height":0,"visible":1,"offsetx":11,"offsety":49},"#Node#Panel_1#Panel_pos3#Image_bg":{"width":52,"height":52,"visible":1,"offsetx":-3,"offsety":1},"#Node#Panel_1#Panel_pos55":{"width":50,"height":50,"visible":1,"offsetx":-1,"offsety":0},"#Node#Panel_1#Node_13":{"width":0,"height":0,"visible":1,"offsetx":-125,"offsety":-71},"#Node#Panel_1#Panel_pos4":{"width":50,"height":50,"visible":1,"offsetx":150,"offsety":43},"#Node#Panel_1#Panel_pos4#Image_bg":{"width":52,"height":52,"visible":1,"offsetx":0,"offsety":0},"#Node#Panel_1#Panel_pos15#Image_bg":{"width":52,"height":52,"visible":1,"offsetx":0,"offsety":0},"#Node#Panel_1#Panel_pos16":{"width":85,"height":140,"visible":1,"offsetx":-13,"offsety":43},"#Node#Panel_1#Panel_pos14#Image_bg":{"width":52,"height":52,"visible":1,"offsetx":-1,"offsety":0},"#Node#Panel_1#Text_guildinfo":{"width":94,"height":22,"visible":1,"offsetx":130,"offsety":11}}