{"#Scene#Panel_1#Panel_btnList#Button_3":{"width":33,"height":60,"visible":1,"offsetx":0,"offsety":37},"#Scene#Panel_1#Panel_btnList#Button_4":{"width":33,"height":60,"visible":1,"offsetx":0,"offsety":48},"#Scene#Panel_1#Panel_btnList#Button_3#Text_name":{"width":16,"height":42,"visible":1,"offsetx":0,"offsety":-20},"#Scene#Panel_1#Panel_btnList#Button_4#Text_name":{"width":16,"height":42,"visible":1,"offsetx":0,"offsety":-23},"#Scene#Panel_1#Panel_btnList#Button_2":{"width":33,"height":60,"visible":1,"offsetx":0,"offsety":27},"#Scene#Panel_1#Panel_btnList#Button_2#Text_name":{"width":16,"height":42,"visible":1,"offsetx":0,"offsety":-22},"#Scene#Panel_1#Panel_btnList#Button_6#Text_name":{"width":16,"height":42,"visible":1,"offsetx":0,"offsety":-22},"#Scene#Panel_1#ButtonClose":{"width":35,"height":35,"visible":1,"offsetx":-13,"offsety":23},"#Scene#Panel_1#Node_panel":{"width":0,"height":0,"visible":1,"offsetx":-13,"offsety":-17},"#Scene#Panel_1#Panel_btnList#Button_1":{"width":33,"height":60,"visible":1,"offsetx":-1,"offsety":15},"#Scene#Panel_1#Panel_btnList":{"width":32,"height":454,"visible":1,"offsetx":-16,"offsety":20},"#Scene#Panel_1#Panel_btnList#Button_6":{"width":33,"height":60,"visible":1,"offsetx":0,"offsety":59},"#Scene#Panel_1#Panel_btnList#Button_1#Text_name":{"width":16,"height":42,"visible":1,"offsetx":0,"offsety":-21},"#Scene#Panel_1#Panel_btnList#Button_11":{"width":33,"height":60,"visible":1,"offsetx":0,"offsety":70},"#Scene#Panel_1#Panel_btnList#Button_11#Text_name":{"width":16,"height":42,"visible":1,"offsetx":0,"offsety":-21},"#Scene#Panel_1#Text_Name":{"width":72,"height":22,"visible":1,"offsetx":-2,"offsety":-23},"#Scene#Panel_1#Image_bg":{"width":377,"height":487,"visible":1,"offsetx":0,"offsety":2}}