{"#Scene#Panel_1#Panel_items#Image_38":{"width":52,"height":52,"visible":1,"offsetx":-3,"offsety":38},"#Scene#Panel_1#Panel_items#Image_tag30":{"width":82,"height":86,"visible":0,"offsetx":-2,"offsety":0},"#Scene#Panel_1#Panel_items#Image_tag32":{"width":82,"height":86,"visible":0,"offsetx":0,"offsety":0},"#Scene#Panel_1#Panel_items#Image_30":{"width":52,"height":52,"visible":1,"offsetx":-2,"offsety":18},"#Scene#Panel_1#Panel_items#Node_36":{"width":0,"height":0,"visible":1,"offsetx":0,"offsety":32},"#Scene#Panel_1#Panel_items#Node_33":{"width":0,"height":0,"visible":1,"offsetx":-7,"offsety":18},"#Scene#Panel_1#Panel_items#Image_31":{"width":52,"height":52,"visible":1,"offsetx":-5,"offsety":18},"#Scene#Panel_1#Panel_items#Node_38":{"width":0,"height":0,"visible":1,"offsetx":-1,"offsety":37},"#Scene#Panel_1#Panel_items#Node_39":{"width":0,"height":0,"visible":1,"offsetx":-2,"offsety":41},"#Scene#Panel_1#Button_close":{"width":26,"height":42,"visible":1,"offsetx":-37,"offsety":-30},"#Scene#Panel_1#Panel_items#Node_32":{"width":0,"height":0,"visible":1,"offsetx":-2,"offsety":19},"#Scene#Panel_1#Panel_items#Image_33":{"width":52,"height":52,"visible":1,"offsetx":-6,"offsety":17},"#Scene#Panel_1#Panel_items#Node_30":{"width":0,"height":0,"visible":1,"offsetx":-3,"offsety":19},"#Scene#Panel_1#Image_2":{"width":84,"height":25,"visible":1,"offsetx":-4,"offsety":5},"#Scene#Panel_1#Panel_items#Image_39":{"width":52,"height":52,"visible":1,"offsetx":-4,"offsety":41},"#Scene#Panel_1#Panel_items#Node_40":{"width":0,"height":0,"visible":1,"offsetx":-1,"offsety":43},"#Scene#Panel_1#Panel_items#Image_40":{"width":52,"height":52,"visible":1,"offsetx":-3,"offsety":42},"#Scene#Panel_1#Panel_items#Node_31":{"width":0,"height":0,"visible":1,"offsetx":-3,"offsety":21},"#Scene#Panel_1#Panel_items#Image_tag31":{"width":82,"height":86,"visible":0,"offsetx":6,"offsety":0},"#Scene#Panel_1#Panel_items#Image_37":{"width":52,"height":52,"visible":1,"offsetx":-5,"offsety":33},"#Scene#Panel_1#Panel_items#Image_34":{"width":52,"height":52,"visible":1,"offsetx":-2,"offsety":29},"#Scene#Panel_1#Panel_items#Image_35":{"width":52,"height":52,"visible":1,"offsetx":-5,"offsety":30},"#Scene#Panel_1#Panel_items#Node_41":{"width":0,"height":0,"visible":1,"offsetx":-2,"offsety":44},"#Scene#Panel_1#Panel_items#Image_32":{"width":52,"height":52,"visible":1,"offsetx":-4,"offsety":18},"#Scene#Panel_1#Panel_items#Node_35":{"width":0,"height":0,"visible":1,"offsetx":-5,"offsety":29},"#Scene#Panel_1#Panel_items#Node_37":{"width":0,"height":0,"visible":1,"offsetx":-5,"offsety":34},"#Scene#Panel_1#Image_3":{"width":238,"height":11,"visible":1,"offsetx":0,"offsety":4},"#Scene#Panel_1#Panel_items#Image_36":{"width":52,"height":52,"visible":1,"offsetx":-3,"offsety":32},"#Scene#Panel_1#Panel_items#Node_34":{"width":0,"height":0,"visible":1,"offsetx":-1,"offsety":31},"#Scene#Panel_1#Panel_items#Image_41":{"width":52,"height":52,"visible":1,"offsetx":-5,"offsety":42}}