{"#Scene#Panel_1#Button_page2":{"width":33,"height":60,"visible":1,"offsetx":2,"offsety":16},"#Scene#Panel_1#Button_page4#PageText":{"width":16,"height":21,"visible":1,"offsetx":3,"offsety":-22},"#Scene#Panel_1#Button_page3":{"width":33,"height":60,"visible":1,"offsetx":3,"offsety":24},"#Scene#Panel_1#Button_page3#PageText":{"width":16,"height":21,"visible":1,"offsetx":3,"offsety":-24},"#Scene#Panel_1#Button_page5":{"width":33,"height":60,"visible":1,"offsetx":3,"offsety":39},"#Scene#Panel_1#Button_page1":{"width":33,"height":60,"visible":1,"offsetx":2,"offsety":8},"#Scene#Panel_1#Button_page2#PageText":{"width":16,"height":21,"visible":1,"offsetx":2,"offsety":-23},"#Scene#Panel_1#Button_page1#PageText":{"width":16,"height":21,"visible":1,"offsetx":3,"offsety":-22},"#Scene#Panel_1#Button_page4":{"width":33,"height":60,"visible":1,"offsetx":2,"offsety":31},"#Scene#Panel_1#Button_page5#PageText":{"width":16,"height":21,"visible":1,"offsetx":2,"offsety":-23}}