{"#Panel_bg#Panel_hp#LoadingBar_fhp":{"width":90,"height":90,"visible":0,"offsetx":1,"offsety":0},"#Panel_mini_chat":{"width":316,"height":108,"visible":1,"offsetx":-69,"offsety":0},"#Panel_mini_chat#ListView_chat_ex":{"width":310,"height":17,"visible":1,"offsetx":0,"offsety":0},"#Panel_bg#Image_14":{"width":95,"height":16,"visible":1,"offsetx":0,"offsety":0},"#Panel_bg#Panel_hp#Image_divide":{"width":3,"height":92,"visible":1,"offsetx":0,"offsety":0},"#Panel_quick_use#Panel_quick_use_3":{"width":50,"height":50,"visible":1,"offsetx":-79,"offsety":-1},"#Button_chat_hide":{"width":22,"height":26,"visible":0,"offsetx":-65,"offsety":-11},"#Panel_bg#Image_14_0":{"width":95,"height":16,"visible":1,"offsetx":-1,"offsety":0},"#Panel_bg#btn_rein_add":{"width":23,"height":23,"visible":0,"offsetx":0,"offsety":0},"#Panel_quick_use#Panel_quick_use_6":{"width":50,"height":50,"visible":1,"offsetx":-72,"offsety":-1},"#Panel_bubble_tips":{"width":150,"height":50,"visible":1,"offsetx":-50,"offsety":0},"#Panel_quick_use#Panel_quick_use_4":{"width":50,"height":50,"visible":1,"offsetx":-77,"offsety":-1},"#Panel_bg#Image_14_0_0":{"width":95,"height":16,"visible":1,"offsetx":0,"offsety":0},"#Panel_quick_use#Panel_quick_use_1":{"width":50,"height":50,"visible":1,"offsetx":-81,"offsety":-1},"#Panel_bg#Image_battery":{"width":49,"height":23,"visible":1,"offsetx":0,"offsety":0},"#Panel_bg#Image_net":{"width":27,"height":24,"visible":1,"offsetx":0,"offsety":0},"#Panel_bg#Text_mp":{"width":114,"height":20,"visible":1,"offsetx":0,"offsety":0},"#Panel_bg#Panel_hp#LoadingBar_mp":{"width":92,"height":45,"visible":1,"offsetx":0,"offsety":0},"#Panel_bg#Text_hp":{"width":96,"height":19,"visible":1,"offsetx":0,"offsety":0},"#Panel_mini_chat#Image_minichat_bg":{"width":316,"height":108,"visible":1,"offsetx":0,"offsety":0},"#Panel_bg#Panel_hp":{"width":100,"height":100,"visible":1,"offsetx":-52,"offsety":-14},"#Panel_bg#Image_17_0":{"width":37,"height":21,"visible":1,"offsetx":0,"offsety":0},"#Panel_quick_use#Panel_quick_use_5":{"width":50,"height":50,"visible":1,"offsetx":-74,"offsety":-1},"#Panel_bg#Image_17":{"width":37,"height":21,"visible":1,"offsetx":0,"offsety":0},"#Panel_bg#Image_4":{"width":185,"height":158,"visible":1,"offsetx":-47,"offsety":0},"#Panel_bg#LoadingBar_battery":{"width":39,"height":15,"visible":1,"offsetx":0,"offsety":0},"#Panel_quick_use#Panel_quick_use_2":{"width":50,"height":50,"visible":1,"offsetx":-81,"offsety":-1},"#Panel_bg#Text_FPS":{"width":51,"height":19,"visible":1,"offsetx":0,"offsety":0},"#Panel_bg#Panel_hp#LoadingBar_hp":{"width":92,"height":45,"visible":1,"offsetx":-5,"offsety":0},"#Panel_bg#Text_level":{"width":78,"height":20,"visible":1,"offsetx":0,"offsety":0},"#Panel_mini_chat#ListView_minichat":{"width":310,"height":91,"visible":1,"offsetx":0,"offsety":0},"#Panel_mini_chat#Panel_mini_chat_touch":{"width":316,"height":108,"visible":1,"offsetx":0,"offsety":0},"#Panel_auto_tips":{"width":316,"height":60,"visible":1,"offsetx":-73,"offsety":0}}