{"#Node#Panel_1#Node_43":{"width":0,"height":0,"visible":1,"offsetx":232,"offsety":106},"#Node#Panel_1#Panel_pos43":{"width":51,"height":51,"visible":1,"offsetx":232,"offsety":106},"#Node#Panel_1#Panel_pos23":{"width":51,"height":51,"visible":0,"offsetx":0,"offsety":0},"#Node#Panel_1#Panel_pos18":{"width":120,"height":206,"visible":1,"offsetx":31,"offsety":47},"#Node#Panel_1#Node_20":{"width":0,"height":0,"visible":1,"offsetx":-268,"offsety":-77},"#Node#Panel_1#Node_29":{"width":0,"height":0,"visible":1,"offsetx":65,"offsety":163},"#Node#Panel_1#Node_22":{"width":0,"height":0,"visible":0,"offsetx":0,"offsety":0},"#Node#Panel_1#Panel_pos28#Image_bg":{"width":52,"height":52,"visible":1,"offsetx":0,"offsety":0},"#Node#Panel_1#Panel_pos22":{"width":51,"height":51,"visible":0,"offsetx":0,"offsety":0},"#Node#Panel_1#Panel_pos27#Image_bg":{"width":52,"height":52,"visible":1,"offsetx":0,"offsety":0},"#Node#Panel_1#Panel_pos20#Image_bg":{"width":52,"height":52,"visible":1,"offsetx":0,"offsety":0},"#Node#Panel_1#Panel_pos42#Image_icon":{"width":35,"height":36,"visible":0,"offsetx":0,"offsety":0},"#Node#Panel_1#Panel_pos17":{"width":180,"height":240,"visible":1,"offsetx":1,"offsety":0},"#Node#Panel_1#Panel_pos43#Image_icon":{"width":47,"height":43,"visible":0,"offsetx":0,"offsety":0},"#Node#Panel_1#Panel_pos44":{"width":51,"height":51,"visible":1,"offsetx":13,"offsety":107},"#Node#Panel_1#Text_shizhuang":{"width":80,"height":20,"visible":1,"offsetx":6,"offsety":9},"#Node#Panel_1#Panel_pos21":{"width":50,"height":50,"visible":0,"offsetx":0,"offsety":0},"#Node#Panel_1#Panel_pos42":{"width":51,"height":51,"visible":1,"offsetx":-130,"offsety":49},"#Node#Panel_1#Node_42":{"width":0,"height":0,"visible":1,"offsetx":-131,"offsety":48},"#Node#Panel_1#Node_24":{"width":0,"height":0,"visible":0,"offsetx":0,"offsety":0},"#Node#Panel_1#Node_28":{"width":0,"height":0,"visible":1,"offsetx":123,"offsety":50},"#Node#Panel_1#Panel_pos29":{"width":51,"height":51,"visible":1,"offsetx":66,"offsety":163},"#Node#Panel_1#Node_44":{"width":0,"height":0,"visible":1,"offsetx":12,"offsety":107},"#Node#Panel_1#Panel_pos29#Image_icon":{"width":47,"height":43,"visible":0,"offsetx":0,"offsety":0},"#Node#Panel_1#Node_25":{"width":0,"height":0,"visible":0,"offsetx":0,"offsety":0},"#Node#Panel_1#Panel_pos28":{"width":51,"height":51,"visible":1,"offsetx":122,"offsety":49},"#Node#Panel_1#Panel_pos25":{"width":51,"height":51,"visible":0,"offsetx":0,"offsety":0},"#Node#Panel_1#Panel_pos27#Image_icon":{"width":47,"height":37,"visible":0,"offsetx":0,"offsety":0},"#Node#Panel_1#Text_guildinfo":{"width":0,"height":0,"visible":1,"offsetx":179,"offsety":7},"#Node#Panel_1#Image_20":{"width":348,"height":478,"visible":0,"offsetx":0,"offsety":0},"#Node#Panel_1#Node_23":{"width":0,"height":0,"visible":0,"offsetx":0,"offsety":0},"#Node#Panel_1#Node_26":{"width":0,"height":0,"visible":0,"offsetx":0,"offsety":0},"#Node#Panel_1#Panel_pos44#Image_bg":{"width":52,"height":52,"visible":1,"offsetx":0,"offsety":0},"#Node#Panel_1#Node_playerModel":{"width":0,"height":0,"visible":1,"offsetx":36,"offsety":58},"#Node#Panel_1#Panel_pos27":{"width":51,"height":51,"visible":1,"offsetx":-98,"offsety":50},"#Node#Panel_1#Panel_pos20":{"width":51,"height":51,"visible":1,"offsetx":-265,"offsety":-79},"#Node#Panel_1#Node_27":{"width":0,"height":0,"visible":1,"offsetx":-99,"offsety":51},"#Node#Panel_1#Panel_pos28#Image_icon":{"width":47,"height":37,"visible":0,"offsetx":0,"offsety":0},"#Node#Panel_1#Panel_pos26":{"width":51,"height":51,"visible":0,"offsetx":0,"offsety":0},"#Node#Panel_1#Panel_pos20#Image_icon":{"width":47,"height":37,"visible":0,"offsetx":0,"offsety":0},"#Node#Panel_1#CheckBox_shizhuang":{"width":29,"height":28,"visible":1,"offsetx":4,"offsety":9},"#Node#Panel_1#Panel_pos44#Image_icon":{"width":35,"height":36,"visible":0,"offsetx":0,"offsety":0},"#Node#Panel_1#Panel_pos24":{"width":51,"height":51,"visible":0,"offsetx":0,"offsety":0}}