{"#Scene#Panel_1#Image_bg":{"img":"res\/private\/bag_ui\/bag_ui_win32\/bg_beibao_02.png","offsetx":118,"offsety":198,"movable":1,"visible":1,"width":569,"height":569},"#Scene#Panel_1#Button_page5#PageText":{"visible":1,"offsetx":0,"offsety":0,"width":14,"height":17},"#Scene#Panel_1#Button_page2":{"visible":0,"offsetx":0,"offsety":0,"width":24,"height":67},"#Scene#Panel_1#Button_page4#PageText":{"visible":1,"offsetx":0,"offsety":0,"width":14,"height":17},"#Scene#Panel_1#Button_page3":{"visible":0,"offsetx":0,"offsety":0,"width":24,"height":67},"#Scene#Panel_1#Button_page3#PageText":{"visible":1,"offsetx":0,"offsety":0,"width":14,"height":17},"#Scene#Panel_1#Button_page5":{"visible":0,"offsetx":0,"offsety":0,"width":24,"height":67},"#Scene#Panel_1#Button_page1":{"visible":0,"offsetx":0,"offsety":0,"width":24,"height":67},"#Scene#Panel_1#Button_page2#PageText":{"visible":1,"offsetx":0,"offsety":0,"width":14,"height":17},"#Scene#Panel_1#Button_page1#PageText":{"visible":1,"offsetx":0,"offsety":0,"width":14,"height":17},"#Scene#Panel_1#Button_close":{"visible":1,"offsetx":201,"offsety":300,"text":"","dimg":"","width":26,"nimg":"res\/public_win32\/1900000510.png","pimg":"","height":35},"#Scene#Panel_1":{"visible":1,"offsetx":87,"offsety":-137,"width":569,"height":569},"#Scene#Panel_1#Image_gold":{"visible":1,"offsetx":88,"offsety":539,"width":32,"height":19},"#Scene#Panel_1#ScrollView_items":{"visible":1,"offsetx":24,"offsety":271,"width":537,"height":440},"#Scene#Panel_1#Button_store_hero_bag":{"visible":0,"offsetx":0,"offsety":24,"width":120,"height":29},"#Scene#Panel_1#Panel_addItems":{"visible":1,"offsetx":39,"offsety":272,"width":537,"height":440},"#Scene#Panel_1#Button_page4":{"visible":0,"offsetx":0,"offsety":0,"width":24,"height":67},"#Scene#Panel_1#Text_goldNum":{"visible":1,"offsetx":71,"offsety":531,"width":8,"height":18}}