{"#Scene#Panel_1#Panel_items#Node_34":{"visible":1,"offsetx":-17,"offsety":45,"width":0,"height":0},"#Scene#Panel_1#Panel_items#Image_41":{"visible":0,"offsetx":0,"offsety":0,"width":47,"height":48},"#Scene#Panel_1#Panel_items#Image_38":{"visible":0,"offsetx":0,"offsety":0,"width":47,"height":48},"#Scene#Panel_1#Panel_items#Image_tag30":{"visible":1,"offsetx":-20,"offsety":63,"width":82,"height":86},"#Scene#Panel_1#Panel_items#Image_tag32":{"visible":0,"offsetx":0,"offsety":66,"width":82,"height":86},"#Scene#Panel_1#Panel_items#Image_30":{"visible":0,"offsetx":0,"offsety":0,"width":47,"height":48},"#Scene#Panel_1#Panel_items#Node_36":{"visible":1,"offsetx":6,"offsety":47,"width":0,"height":0},"#Scene#Panel_1#Panel_items#Node_33":{"visible":1,"offsetx":18,"offsety":66,"width":0,"height":0},"#Scene#Panel_1#Panel_items#Image_31":{"visible":0,"offsetx":0,"offsety":1,"width":47,"height":48},"#Scene#Panel_1#Panel_items#Node_38":{"visible":1,"offsetx":-18,"offsety":27,"width":0,"height":0},"#Scene#Panel_1#Panel_items#Node_39":{"visible":1,"offsetx":-6,"offsety":26,"width":0,"height":0},"#Scene#Panel_1#Panel_items#Image_tag34":{"visible":0,"offsetx":0,"offsety":0,"width":82,"height":86},"#Scene#Panel_1#Panel_items#Image_tag38":{"visible":1,"offsetx":0,"offsety":0,"width":82,"height":86},"#Scene#Panel_1#Panel_items#Image_tag41":{"visible":1,"offsetx":0,"offsety":0,"width":82,"height":86},"#Scene#Panel_1#Image_1":{"visible":1,"offsetx":0,"offsety":11,"width":350,"height":376},"#Scene#Panel_1#Panel_items#Image_tag40":{"visible":1,"offsetx":0,"offsety":0,"width":82,"height":86},"#Scene#Panel_1#Panel_items#Image_tag35":{"visible":0,"offsetx":0,"offsety":0,"width":82,"height":86},"#Scene#Panel_1#Panel_items#Image_tag37":{"visible":1,"offsetx":0,"offsety":0,"width":82,"height":86},"#Scene#Panel_1#Panel_touch":{"visible":1,"offsetx":-12,"offsety":90,"width":250,"height":230},"#Scene#Panel_1#Panel_items#Image_tag39":{"visible":1,"offsetx":0,"offsety":0,"width":82,"height":86},"#Scene#Panel_1#Button_close":{"visible":1,"offsetx":15,"offsety":74,"width":20,"height":32},"#Scene#Panel_1#Panel_items#Node_32":{"visible":1,"offsetx":7,"offsety":67,"width":0,"height":0},"#Scene#Panel_1#Panel_items#Image_33":{"visible":0,"offsetx":0,"offsety":0,"width":47,"height":48},"#Scene#Panel_1#Panel_items#Node_30":{"visible":1,"offsetx":-16,"offsety":66,"width":0,"height":0},"#Scene#Panel_1#Image_2":{"visible":1,"offsetx":-3,"offsety":91,"width":84,"height":25},"#Scene#Panel_1#Panel_items#Image_39":{"visible":0,"offsetx":0,"offsety":0,"width":47,"height":48},"#Scene#Panel_1#Panel_items#Node_40":{"visible":1,"offsetx":7,"offsety":26,"width":0,"height":0},"#Scene#Panel_1#Panel_items#Image_40":{"visible":0,"offsetx":0,"offsety":0,"width":47,"height":48},"#Scene#Panel_1#Panel_items#Node_31":{"visible":1,"offsetx":-5,"offsety":67,"width":0,"height":0},"#Scene#Panel_1#Panel_items#Image_tag31":{"visible":1,"offsetx":0,"offsety":67,"width":82,"height":86},"#Scene#Panel_1#Panel_items#Image_37":{"visible":0,"offsetx":0,"offsety":0,"width":47,"height":48},"#Scene#Panel_1#Panel_items#Image_34":{"visible":0,"offsetx":0,"offsety":0,"width":47,"height":48},"#Scene#Panel_1#Panel_items#Image_35":{"visible":0,"offsetx":0,"offsety":0,"width":47,"height":48},"#Scene#Panel_1#Panel_items#Node_41":{"visible":1,"offsetx":19,"offsety":26,"width":0,"height":0},"#Scene#Panel_1#Panel_items#Image_32":{"visible":0,"offsetx":0,"offsety":0,"width":47,"height":48},"#Scene#Panel_1#Panel_items#Node_35":{"visible":1,"offsetx":-5,"offsety":47,"width":0,"height":0},"#Scene#Panel_1#Panel_items#Node_37":{"visible":1,"offsetx":18,"offsety":47,"width":0,"height":0},"#Scene#Panel_1#Image_3":{"visible":1,"offsetx":2,"offsety":94,"width":238,"height":11},"#Scene#Panel_1#Panel_items#Image_36":{"visible":0,"offsetx":0,"offsety":0,"width":47,"height":48}}