{"#Node#Panel_1#LockBtn":{"visible":1,"offsetx":0,"offsety":0,"width":59,"height":59},"#Node#Panel_1#Image_bg":{"visible":1,"offsetx":0,"offsety":0,"width":394,"height":104},"#Node#Panel_1#Node_bar_tip":{"visible":1,"offsetx":0,"offsety":0,"width":0,"height":0},"#Node#Panel_1#Text_belong":{"visible":1,"offsetx":0,"offsety":0,"width":48,"height":19},"#Node#Panel_1#Image_icon":{"visible":1,"offsetx":0,"offsety":0,"width":67,"height":65},"#Node#Panel_1#LoadingBar_hp_bar":{"visible":1,"offsetx":0,"offsety":0,"width":296,"height":21},"#Node#Panel_1#Text_lv":{"visible":1,"offsetx":0,"offsety":0,"width":40,"height":19},"#Node#Panel_1#Text_belong_name":{"visible":1,"offsetx":0,"offsety":0,"width":0,"height":0},"#Node#Panel_1#Panel_loding_hp_tx":{"visible":1,"offsetx":0,"offsety":0,"width":295,"height":20},"#Node#Panel_1#Panel_hp_tip#Text_hp_tip":{"visible":1,"offsetx":0,"offsety":0,"width":0,"height":0},"#Node#Panel_1#Button_close":{"visible":1,"offsetx":0,"offsety":0,"width":37,"height":38},"#Node#Panel_1":{"visible":0,"offsetx":0,"offsety":0,"width":0,"height":0},"#Node#Panel_1#Text_monster_name":{"visible":1,"offsetx":0,"offsety":0,"width":0,"height":0},"#Node#Panel_1#Panel_hp_tip":{"visible":1,"offsetx":0,"offsety":0,"width":287,"height":21},"#Node#Panel_1#Text_hp":{"visible":1,"offsetx":0,"offsety":0,"width":0,"height":0},"#Node#Panel_1#Image_loading_bg":{"visible":1,"offsetx":0,"offsety":0,"width":296,"height":21},"#Node#Panel_1#Panel_bar_hp_tx":{"visible":1,"offsetx":0,"offsety":0,"width":295,"height":20}}