{"#Scene#Panel_1#Button_page5#PageText":{"visible":1,"offsetx":0,"offsety":-12,"width":13,"height":18},"#Scene#Panel_1#Button_page2":{"visible":1,"offsetx":2,"offsety":2,"width":24,"height":50},"#Scene#Panel_1#Button_page4#PageText":{"visible":1,"offsetx":0,"offsety":-11,"width":13,"height":18},"#Scene#Panel_1#Button_page3":{"visible":1,"offsetx":1,"offsety":5,"width":24,"height":50},"#Scene#Panel_1#Button_page3#PageText":{"visible":1,"offsetx":0,"offsety":-10,"width":13,"height":18},"#Scene#Panel_1#Button_page5":{"visible":1,"offsetx":3,"offsety":11,"width":24,"height":50},"#Scene#Panel_1#Button_page1":{"visible":1,"offsetx":2,"offsety":-1,"width":24,"height":50},"#Scene#Panel_1#Button_page2#PageText":{"visible":1,"offsetx":0,"offsety":-15,"width":13,"height":18},"#Scene#Panel_1#Button_page1#PageText":{"visible":1,"offsetx":0,"offsety":-15,"width":13,"height":18},"#Scene#Panel_1#Button_page4":{"visible":1,"offsetx":2,"offsety":10,"width":24,"height":50}}