{"#Node#Panel_1#Node_playerModel":{"visible":1,"offsetx":0,"offsety":19,"width":0,"height":0},"#Node#Panel_1#Panel_pos2#Image_icon":{"visible":1,"offsetx":0,"offsety":0,"width":47,"height":47},"#Node#Panel_1#Panel_pos4#Image_icon":{"visible":0,"offsetx":0,"offsety":0,"width":46,"height":46},"#Node#Panel_1#Panel_pos3":{"visible":1,"offsetx":0,"offsety":0,"width":42,"height":42},"#Node#Panel_1#Panel_pos2#Image_bg":{"visible":1,"offsetx":-2,"offsety":3,"width":44,"height":44},"#Node#Panel_1#Node_6":{"visible":1,"offsetx":0,"offsety":-8,"width":0,"height":0},"#Node#Panel_1#Panel_pos11":{"visible":1,"offsetx":0,"offsety":-2,"width":42,"height":42},"#Node#Panel_1#Panel_pos6#Image_icon":{"visible":1,"offsetx":-1,"offsety":-7,"width":47,"height":47},"#Node#Panel_1#Panel_pos6":{"visible":1,"offsetx":2,"offsety":1,"width":42,"height":42},"#Node#Panel_1#Panel_pos10#Image_bg":{"visible":1,"offsetx":-3,"offsety":-8,"width":44,"height":44},"#Node#Panel_1#Panel_pos7":{"visible":1,"offsetx":0,"offsety":-7,"width":42,"height":42},"#Node#Panel_1#Panel_pos13#Image_bg":{"visible":1,"offsetx":-1,"offsety":0,"width":44,"height":44},"#Node#Panel_1#Node_11":{"visible":1,"offsetx":0,"offsety":-13,"width":0,"height":0},"#Node#Panel_1#Node_10":{"visible":1,"offsetx":-1,"offsety":-13,"width":0,"height":0},"#Node#Panel_1#Node_15":{"visible":1,"offsetx":-1,"offsety":-12,"width":0,"height":0},"#Node#Panel_1#Panel_pos9#Image_bg":{"visible":1,"offsetx":0,"offsety":-2,"width":44,"height":44},"#Node#Panel_1#Node_14":{"visible":1,"offsetx":-1,"offsety":-11,"width":0,"height":0},"#Node#Panel_1#Panel_pos8":{"visible":1,"offsetx":0,"offsety":-8,"width":42,"height":42},"#Node#Panel_1#Panel_pos7#Image_icon":{"visible":1,"offsetx":0,"offsety":-1,"width":50,"height":49},"#Node#Panel_1#Panel_pos9":{"visible":1,"offsetx":-1,"offsety":-11,"width":42,"height":42},"#Node#Panel_1#Panel_pos11#Image_bg":{"visible":1,"offsetx":-1,"offsety":-10,"width":44,"height":44},"#Node#Panel_1#Panel_pos16":{"visible":1,"offsetx":1,"offsety":3,"width":43,"height":71.599998474121},"#Node#Panel_1#Panel_pos5#Image_bg":{"visible":1,"offsetx":-2,"offsety":-1,"width":44,"height":44},"#Node#Panel_1#Panel_pos7#Image_bg":{"visible":1,"offsetx":-2,"offsety":-3,"width":44,"height":44},"#Node#Panel_1#Node_7":{"visible":1,"offsetx":0,"offsety":-8,"width":0,"height":0},"#Node#Panel_1#Panel_pos3#Image_bg":{"visible":1,"offsetx":-3,"offsety":6,"width":44,"height":44},"#Node#Panel_1#Panel_pos55":{"visible":1,"offsetx":-1,"offsety":-2,"width":42,"height":42},"#Node#Panel_1#Node_13":{"visible":1,"offsetx":-114,"offsety":-49,"width":0,"height":0},"#Node#Panel_1#Panel_pos4":{"visible":1,"offsetx":110,"offsety":54,"width":42,"height":42},"#Node#Panel_1#Panel_pos4#Image_bg":{"visible":1,"offsetx":-3,"offsety":-2,"width":44,"height":44},"#Node#Panel_1#Panel_pos15#Image_bg":{"visible":1,"offsetx":-2,"offsety":-2,"width":44,"height":44},"#Node#Panel_1#Panel_pos14":{"visible":1,"offsetx":-3,"offsety":-11,"width":42,"height":42},"#Node#Panel_1#Panel_pos14#Image_bg":{"visible":1,"offsetx":2,"offsety":-2,"width":44,"height":44},"#Node#Panel_1#Text_guildinfo":{"visible":1,"offsetx":78,"offsety":15,"width":4,"height":22},"#Node#Panel_1#Panel_pos14#Image_icon":{"visible":1,"offsetx":0,"offsety":-1,"width":35,"height":36},"#Node#Panel_1#Node_9":{"visible":1,"offsetx":-1,"offsety":-12,"width":0,"height":0},"#Node#Panel_1#Panel_pos1":{"visible":1,"offsetx":0,"offsety":-5,"width":60,"height":120},"#Node#Panel_1#Panel_pos12#Image_icon":{"visible":1,"offsetx":-1,"offsety":0,"width":35,"height":36},"#Node#Panel_1#Node_5":{"visible":1,"offsetx":0,"offsety":-3,"width":0,"height":0},"#Node#Panel_1#Node_8":{"visible":1,"offsetx":0,"offsety":-9,"width":0,"height":0},"#Node#Panel_1#Node_3":{"visible":1,"offsetx":-2,"offsety":4,"width":0,"height":0},"#Node#Panel_1#Node_4":{"visible":1,"offsetx":109,"offsety":53,"width":0,"height":0},"#Node#Panel_1#Panel_pos0":{"visible":1,"offsetx":0,"offsety":7,"width":80,"height":144},"#Node#Panel_1#Best_ringBox#Image_box":{"visible":1,"offsetx":2,"offsety":-2,"width":50,"height":48},"#Node#Panel_1#Panel_pos9#Image_icon":{"visible":1,"offsetx":3,"offsety":-3,"width":35,"height":36},"#Node#Panel_1#Node_12":{"visible":1,"offsetx":-1,"offsety":-13,"width":0,"height":0},"#Node#Panel_1#Panel_pos12#Image_bg":{"visible":1,"offsetx":0,"offsety":0,"width":44,"height":44},"#Node#Panel_1#Node_55":{"visible":1,"offsetx":-1,"offsety":-5,"width":0,"height":0},"#Node#Panel_1#Panel_pos13":{"visible":1,"offsetx":-113,"offsety":-47,"width":42,"height":42},"#Node#Panel_1#Panel_pos8#Image_icon":{"visible":1,"offsetx":0,"offsety":-7,"width":50,"height":49},"#Node#Panel_1#Best_ringBox":{"visible":1,"offsetx":-1,"offsety":56,"width":46,"height":36},"#Node#Panel_1#Panel_pos12":{"visible":1,"offsetx":-2,"offsety":-12,"width":42,"height":42},"#Node#Panel_1#Panel_pos6#Image_bg":{"visible":1,"offsetx":-2,"offsety":-8,"width":44,"height":44},"#Node#Panel_1#Node_2":{"visible":1,"offsetx":-1,"offsety":-1,"width":0,"height":0},"#Node#Panel_1#Panel_pos15":{"visible":1,"offsetx":0,"offsety":-10,"width":42,"height":42},"#Node#Panel_1#Panel_pos13#Image_icon":{"visible":0,"offsetx":-1,"offsety":-1,"width":46,"height":46},"#Node#Panel_1#Panel_pos8#Image_bg":{"visible":1,"offsetx":0,"offsety":0,"width":44,"height":44},"#Node#Panel_1#Panel_pos3#Image_icon":{"visible":1,"offsetx":-1,"offsety":5,"width":46,"height":45},"#Node#Panel_1#Panel_pos2":{"visible":1,"offsetx":0,"offsety":-2,"width":42,"height":42},"#Node#Panel_1#Panel_pos10":{"visible":1,"offsetx":1,"offsety":-5,"width":42,"height":42},"#Node#Panel_1#Panel_pos15#Image_icon":{"visible":1,"offsetx":0,"offsety":-2,"width":35,"height":36},"#Node#Panel_1#Image_equippanel":{"visible":0,"offsetx":0,"offsety":-1,"width":272,"height":349},"#Node#Panel_1#Panel_pos10#Image_icon":{"visible":1,"offsetx":-1,"offsety":-6,"width":35,"height":36},"#Node#Panel_1#Panel_pos5#Image_icon":{"visible":1,"offsetx":0,"offsety":0,"width":47,"height":47},"#Node#Panel_1#Panel_pos11#Image_icon":{"visible":1,"offsetx":0,"offsety":-12,"width":35,"height":36},"#Node#Panel_1#Panel_pos5":{"visible":1,"offsetx":0,"offsety":-3,"width":42,"height":42}}