{"#Node#Panel_1#Panel_pos42#Image_icon":{"visible":0,"offsetx":0,"offsety":1,"width":35,"height":36},"#Node#Panel_1#Panel_pos17":{"visible":1,"offsetx":0,"offsety":30,"width":103,"height":144},"#Node#Panel_1#Node_playerModel":{"visible":1,"offsetx":0,"offsety":0,"width":0,"height":0},"#Node#Panel_1#Panel_pos43#Image_icon":{"visible":0,"offsetx":0,"offsety":0,"width":36,"height":32},"#Node#Panel_1#Text_guildinfo":{"visible":1,"offsetx":91,"offsety":9,"width":0,"height":0},"#Node#Panel_1#Panel_pos44":{"visible":1,"offsetx":2,"offsety":56,"width":42,"height":42},"#Node#Panel_1#Text_shizhuang":{"visible":1,"offsetx":6,"offsety":-20,"width":60,"height":16},"#Node#Panel_1#Panel_pos21":{"visible":1,"offsetx":-45,"offsety":-103,"width":33,"height":30},"#Node#Panel_1#Panel_pos42":{"visible":1,"offsetx":-109,"offsety":-6,"width":42,"height":42},"#Node#Panel_1#Node_42":{"visible":1,"offsetx":-110,"offsety":-6,"width":0,"height":0},"#Node#Panel_1#Node_24":{"visible":1,"offsetx":-4,"offsety":132,"width":0,"height":0},"#Node#Panel_1#Node_28":{"visible":1,"offsetx":84,"offsety":-5,"width":0,"height":0},"#Node#Panel_1#Panel_pos29":{"visible":1,"offsetx":39,"offsety":117,"width":42,"height":42},"#Node#Panel_1#Node_44":{"visible":1,"offsetx":1,"offsety":56,"width":0,"height":0},"#Node#Panel_1#Panel_pos44#Image_bg":{"visible":1,"offsetx":0,"offsety":0,"width":52,"height":52},"#Node#Panel_1#Node_25":{"visible":1,"offsetx":222,"offsety":167,"width":0,"height":0},"#Node#Panel_1#Panel_pos28":{"visible":1,"offsetx":84,"offsety":-6,"width":42,"height":42},"#Node#Panel_1#Panel_pos24#Image_bg":{"visible":1,"offsetx":0,"offsety":0,"width":52,"height":52},"#Node#Panel_1#Panel_pos25":{"visible":0,"offsetx":60,"offsety":-46,"width":42,"height":42},"#Node#Panel_1#Panel_pos27#Image_icon":{"visible":0,"offsetx":0,"offsety":0,"width":35,"height":36},"#Node#Panel_1#Node_23":{"visible":0,"offsetx":-1,"offsety":-35,"width":0,"height":0},"#Node#Panel_1#Node_26":{"visible":0,"offsetx":-10,"offsety":16,"width":0,"height":0},"#Node#Panel_1#Panel_pos29#Image_icon":{"visible":0,"offsetx":0,"offsety":0,"width":36,"height":36},"#Node#Panel_1#Panel_pos26#Image_icon":{"visible":0,"offsetx":0,"offsety":0,"width":47,"height":47},"#Node#Panel_1#Panel_pos25#Image_bg":{"visible":1,"offsetx":0,"offsety":0,"width":52,"height":52},"#Node#Panel_1#Panel_pos25#Image_icon":{"visible":0,"offsetx":0,"offsety":49,"width":50,"height":49},"#Node#Panel_1#Panel_pos26#Image_bg":{"visible":0,"offsetx":1,"offsety":0,"width":52,"height":52},"#Node#Panel_1#Panel_pos29#Image_bg":{"visible":1,"offsetx":0,"offsety":0,"width":52,"height":52},"#Node#Panel_1#Panel_pos42#Image_bg":{"visible":1,"offsetx":0,"offsety":0,"width":52,"height":52},"#Node#Panel_1#Panel_pos43#Image_bg":{"visible":1,"offsetx":0,"offsety":0,"width":52,"height":52},"#Node#Panel_1#Panel_pos23#Image_bg":{"visible":1,"offsetx":0,"offsety":0,"width":52,"height":52},"#Node#Panel_1#Panel_pos22#Image_bg":{"visible":0,"offsetx":2,"offsety":0,"width":52,"height":52},"#Node#Panel_1#Panel_pos23#Image_icon":{"visible":0,"offsetx":0,"offsety":0,"width":47,"height":47},"#Node#Panel_1#Panel_pos45":{"visible":0,"offsetx":52,"offsety":104,"width":43,"height":71},"#Node#Panel_1#Panel_pos22#Image_icon":{"visible":0,"offsetx":3,"offsety":-1,"width":47,"height":47},"#Node#Panel_1#Panel_pos24#Image_icon":{"visible":0,"offsetx":0,"offsety":0,"width":50,"height":49},"#Node#Panel_1#Panel_pos27":{"visible":1,"offsetx":-89,"offsety":-5,"width":42,"height":42},"#Node#Panel_1#Panel_pos20":{"visible":1,"offsetx":-222,"offsety":-66,"width":42,"height":42},"#Node#Panel_1#Node_27":{"visible":1,"offsetx":-89,"offsety":-4,"width":0,"height":0},"#Node#Panel_1#Panel_pos28#Image_icon":{"visible":0,"offsetx":0,"offsety":0,"width":35,"height":36},"#Node#Panel_1#Panel_pos26":{"visible":0,"offsetx":-12,"offsety":16,"width":42,"height":42},"#Node#Panel_1#Panel_pos20#Image_icon":{"visible":0,"offsetx":0,"offsety":0,"width":46,"height":45},"#Node#Panel_1#CheckBox_shizhuang":{"visible":1,"offsetx":5,"offsety":-20,"width":29,"height":28},"#Node#Panel_1#Image_equippanel":{"visible":0,"offsetx":-3,"offsety":0,"width":272,"height":349},"#Node#Panel_1#Panel_pos44#Image_icon":{"visible":0,"offsetx":0,"offsety":0,"width":35,"height":36},"#Node#Panel_1#Panel_pos24":{"visible":0,"offsetx":-84,"offsety":8,"width":42,"height":42},"#Node#Panel_1#Node_43":{"visible":1,"offsetx":173,"offsety":58,"width":0,"height":0},"#Node#Panel_1#Panel_pos43":{"visible":1,"offsetx":174,"offsety":58,"width":42,"height":42},"#Node#Panel_1#Panel_pos23":{"visible":0,"offsetx":0,"offsety":-37,"width":42,"height":42},"#Node#Panel_1#Panel_pos18":{"visible":1,"offsetx":0,"offsety":0,"width":80,"height":120},"#Node#Panel_1#Node_20":{"visible":1,"offsetx":-224,"offsety":-64,"width":0,"height":0},"#Node#Panel_1#Node_29":{"visible":1,"offsetx":39,"offsety":117,"width":0,"height":0},"#Node#Panel_1#Node_22":{"visible":0,"offsetx":-156,"offsety":-35,"width":0,"height":0},"#Node#Panel_1#Panel_pos28#Image_bg":{"visible":1,"offsetx":0,"offsety":0,"width":52,"height":52},"#Node#Panel_1#Panel_pos22":{"visible":0,"offsetx":-156,"offsety":-36,"width":42,"height":42},"#Node#Panel_1#Panel_pos27#Image_bg":{"visible":1,"offsetx":0,"offsety":0,"width":52,"height":52},"#Node#Panel_1#Panel_pos20#Image_bg":{"visible":1,"offsetx":0,"offsety":0,"width":52,"height":52}}