{"#Scene#Panel_1#Panel_btnList#Button_6#Text_name":{"visible":1,"offsetx":0,"offsety":-10,"width":14,"height":36},"#Scene#Panel_1#Image_bg":{"visible":1,"offsetx":3,"offsety":-4,"width":305,"height":427},"#Scene#Panel_1#Panel_btnList#Button_3":{"visible":1,"offsetx":0,"offsety":9,"width":24,"height":55},"#Scene#Panel_1#Panel_btnList#Button_4":{"visible":1,"offsetx":0,"offsety":15,"width":24,"height":55},"#Scene#Panel_1#Panel_btnList#Button_3#Text_name":{"visible":1,"offsetx":0,"offsety":-10,"width":14,"height":36},"#Scene#Panel_1#Panel_btnList#Button_4#Text_name":{"visible":1,"offsetx":0,"offsety":-11,"width":14,"height":36},"#Scene#Panel_1#Panel_btnList#Button_2":{"visible":1,"offsetx":0,"offsety":3,"width":24,"height":55},"#Scene#Panel_1#Panel_btnList#Button_2#Text_name":{"visible":1,"offsetx":0,"offsety":-10,"width":14,"height":36},"#Scene#Panel_1#Node_panel":{"visible":1,"offsetx":3,"offsety":0,"width":0,"height":0},"#Scene#Panel_1#ButtonClose":{"visible":1,"offsetx":-7,"offsety":36,"text":"","dimg":"Default\/Button_Disable.png","width":20,"nimg":"res\/public\/1900000512.png","pimg":"res\/public\/1900000513.png","height":27},"#Scene#Panel_1#Panel_btnList_left#Button_20#Text_name":{"visible":1,"offsetx":7,"offsety":0,"width":14,"height":36},"#Scene#Panel_1#Panel_btnList_left#Button_20":{"visible":0,"offsetx":3,"offsety":0,"width":24,"height":67},"#Scene#Panel_1#Panel_btnList#Button_1":{"visible":1,"offsetx":1,"offsety":1,"width":24,"height":55},"#Scene#Panel_1#Panel_btnList":{"visible":1,"offsetx":-9,"offsety":6,"width":24,"height":340},"#Scene#Panel_1#Panel_btnList#Button_6":{"visible":1,"offsetx":0,"offsety":21,"width":24,"height":55},"#Scene#Panel_1#Panel_btnList#Button_1#Text_name":{"visible":1,"offsetx":0,"offsety":-11,"width":14,"height":36},"#Scene#Panel_1#Panel_btnList#Button_11":{"visible":1,"offsetx":0,"offsety":26,"width":24,"height":55},"#Scene#Panel_1#Panel_btnList#Button_11#Text_name":{"visible":1,"offsetx":0,"offsety":-10,"width":14,"height":36},"#Scene#Panel_1#Text_Name":{"visible":1,"offsetx":0,"offsety":7,"width":36,"height":22}}