{"#Node#Panel_1#Image_12":{"visible":1,"offsetx":13,"offsety":62,"width":211,"height":21},"#Node#Panel_1#Image_cur#Image_11#Text_curTitle":{"visible":1,"offsetx":11,"offsety":1,"width":0,"height":0},"#Node#Panel_1#Image_cur":{"visible":1,"offsetx":0,"offsety":-18,"width":35,"height":35},"#Node#Panel_1#Image_cur#Image_11":{"visible":1,"offsetx":0,"offsety":-1,"width":142,"height":31},"#Node#Panel_1#ListView_cells":{"visible":1,"offsetx":0,"offsety":0,"width":272,"height":260},"#Node#Panel_1#Image_1":{"visible":0,"offsetx":0,"offsety":-1,"width":272,"height":349},"#Node#Panel_1#Image_cur#Button_curTitle":{"visible":1,"offsetx":0,"offsety":0,"width":40,"height":40}}